OrderID,ReturnDate,ReturnReason
O000003,2023-07-28,Damaged
O000005,2024-02-04,Customer Changed Mind
O000029,2023-08-20,Quality Issue
O000035,2024-07-10,Late Delivery
O000057,2023-07-17,Wrong Product
O000058,2025-02-11,Damaged
O000059,2023-03-26,Quality Issue
O000092,2025-09-09,Wrong Product
O000142,2024-09-26,Damaged
O000195,2025-10-26,Late Delivery
O000199,2025-12-07,Late Delivery
O000214,2025-08-04,Quality Issue
O000247,2025-11-22,Quality Issue
O000249,2024-10-14,Customer Changed Mind
O000264,2024-01-18,Late Delivery
O000311,2024-10-19,Quality Issue
O000332,2023-07-05,Customer Changed Mind
O000344,2023-02-14,Damaged
O000348,2025-07-12,Wrong Product
O000349,2025-04-29,Customer Changed Mind
O000367,2024-08-04,Wrong Product
O000382,2024-07-03,Late Delivery
O000383,2025-07-11,Quality Issue
O000393,2024-08-12,Wrong Product
O000458,2023-01-14,Late Delivery
O000476,2024-09-05,Customer Changed Mind
O000503,2024-07-23,Customer Changed Mind
O000522,2024-06-09,Wrong Product
O000524,2024-02-11,Quality Issue
O000535,2025-10-17,Late Delivery
O000539,2025-07-06,Quality Issue
O000542,2025-03-08,Damaged
O000590,2025-06-08,Quality Issue
O000616,2024-02-03,Wrong Product
O000617,2025-08-28,Wrong Product
O000622,2024-10-08,Quality Issue
O000640,2025-07-13,Late Delivery
O000660,2026-01-02,Late Delivery
O000671,2025-06-05,Wrong Product
O000692,2024-08-22,Damaged
O000702,2024-09-18,Damaged
O000708,2024-03-11,Customer Changed Mind
O000709,2025-09-11,Customer Changed Mind
O000721,2024-03-24,Wrong Product
O000734,2023-03-26,Damaged
O000738,2024-10-02,Customer Changed Mind
O000742,2023-04-15,Customer Changed Mind
O000756,2023-07-11,Late Delivery
O000768,2025-05-30,Wrong Product
O000777,2025-02-02,Damaged
O000778,2025-01-14,Quality Issue
O000797,2025-12-06,Wrong Product
O000811,2026-01-04,Wrong Product
O000814,2024-04-16,Customer Changed Mind
O000827,2025-03-28,Wrong Product
O000849,2023-07-23,Customer Changed Mind
O000866,2024-06-08,Customer Changed Mind
O000869,2023-08-28,Wrong Product
O000874,2025-12-23,Wrong Product
O000875,2023-02-11,Quality Issue
O000906,2024-10-16,Late Delivery
O000913,2025-07-16,Damaged
O000914,2025-06-24,Customer Changed Mind
O000922,2023-06-24,Wrong Product
O000946,2025-04-28,Customer Changed Mind
O000956,2024-08-17,Customer Changed Mind
O000990,2024-10-01,Wrong Product
O000998,2023-08-17,Quality Issue
O001006,2024-06-10,Late Delivery
O001009,2023-11-08,Wrong Product
O001085,2025-04-12,Customer Changed Mind
O001086,2023-10-30,Late Delivery
O001089,2025-01-05,Customer Changed Mind
O001097,2024-04-11,Quality Issue
O001103,2023-05-09,Damaged
O001134,2024-08-25,Customer Changed Mind
O001135,2023-01-04,Customer Changed Mind
O001137,2023-07-08,Wrong Product
O001142,2023-12-18,Late Delivery
O001143,2024-01-05,Customer Changed Mind
O001160,2024-09-29,Wrong Product
O001170,2024-03-28,Late Delivery
O001173,2024-11-24,Wrong Product
O001187,2024-12-13,Wrong Product
O001189,2025-12-05,Damaged
O001194,2024-03-13,Late Delivery
O001202,2023-07-01,Wrong Product
O001206,2024-01-06,Damaged
O001239,2023-08-27,Customer Changed Mind
O001264,2025-01-11,Wrong Product
O001272,2023-01-30,Damaged
O001278,2023-04-26,Wrong Product
O001320,2023-10-06,Late Delivery
O001321,2023-06-04,Quality Issue
O001322,2023-10-24,Late Delivery
O001323,2025-10-21,Damaged
O001335,2025-08-25,Damaged
O001338,2025-07-05,Damaged
O001344,2023-08-08,Wrong Product
O001387,2025-05-10,Quality Issue
O001393,2023-04-09,Customer Changed Mind
O001412,2024-10-06,Late Delivery
O001422,2023-05-12,Customer Changed Mind
O001427,2023-06-16,Late Delivery
O001431,2025-08-01,Quality Issue
O001438,2024-02-22,Late Delivery
O001453,2023-07-30,Quality Issue
O001469,2024-05-31,Damaged
O001483,2025-05-17,Damaged
O001492,2025-07-21,Customer Changed Mind
O001503,2025-08-30,Quality Issue
O001513,2025-03-20,Late Delivery
O001514,2023-03-15,Wrong Product
O001533,2024-11-09,Quality Issue
O001534,2025-04-28,Damaged
O001535,2023-11-01,Customer Changed Mind
O001536,2023-09-22,Customer Changed Mind
O001537,2023-09-12,Wrong Product
O001547,2023-12-21,Late Delivery
O001561,2025-07-21,Late Delivery
O001562,2024-03-12,Late Delivery
O001563,2025-12-05,Late Delivery
O001584,2023-11-24,Wrong Product
O001586,2023-03-08,Customer Changed Mind
O001606,2024-06-08,Customer Changed Mind
O001615,2023-10-29,Wrong Product
O001624,2023-03-20,Quality Issue
O001626,2025-01-31,Wrong Product
O001631,2023-06-02,Late Delivery
O001665,2025-07-06,Customer Changed Mind
O001689,2023-03-23,Late Delivery
O001696,2025-05-09,Damaged
O001713,2023-04-08,Late Delivery
O001727,2023-02-22,Customer Changed Mind
O001736,2024-11-16,Late Delivery
O001754,2024-10-02,Late Delivery
O001776,2024-08-24,Quality Issue
O001786,2025-07-27,Damaged
O001804,2025-01-12,Damaged
O001829,2025-01-24,Customer Changed Mind
O001836,2023-07-06,Late Delivery
O001838,2023-10-02,Quality Issue
O001855,2023-12-30,Quality Issue
O001862,2025-05-23,Customer Changed Mind
O001872,2024-11-16,Wrong Product
O001896,2023-01-18,Wrong Product
O001913,2025-11-15,Damaged
O001929,2024-06-15,Quality Issue
O001944,2023-06-29,Customer Changed Mind
O001959,2025-03-02,Late Delivery
O001996,2023-05-22,Damaged
O002019,2024-04-21,Damaged
O002056,2023-08-05,Quality Issue
O002078,2024-08-04,Late Delivery
O002085,2024-07-10,Wrong Product
O002132,2024-08-07,Customer Changed Mind
O002146,2024-09-17,Late Delivery
O002147,2025-01-30,Late Delivery
O002161,2025-12-05,Damaged
O002163,2023-02-14,Quality Issue
O002178,2024-08-12,Customer Changed Mind
O002197,2025-01-01,Damaged
O002206,2024-11-16,Damaged
O002229,2023-04-14,Quality Issue
O002241,2025-12-22,Quality Issue
O002268,2023-01-27,Quality Issue
O002272,2023-10-24,Quality Issue
O002325,2024-08-29,Late Delivery
O002333,2025-10-19,Quality Issue
O002339,2025-02-22,Quality Issue
O002370,2025-04-03,Customer Changed Mind
O002380,2024-03-05,Quality Issue
O002384,2025-12-09,Damaged
O002403,2025-12-04,Damaged
O002479,2024-09-10,Quality Issue
O002507,2025-06-17,Damaged
O002522,2025-09-08,Wrong Product
O002530,2024-04-10,Damaged
O002532,2025-03-10,Damaged
O002565,2023-02-24,Late Delivery
O002576,2025-01-29,Customer Changed Mind
O002601,2024-11-17,Damaged
O002604,2025-10-06,Late Delivery
O002607,2025-02-01,Wrong Product
O002612,2025-07-14,Wrong Product
O002643,2024-04-04,Quality Issue
O002646,2023-12-10,Wrong Product
O002647,2023-03-13,Customer Changed Mind
O002649,2025-07-03,Damaged
O002651,2023-08-29,Wrong Product
O002656,2024-12-19,Damaged
O002657,2023-11-07,Quality Issue
O002665,2023-02-27,Wrong Product
O002666,2025-01-08,Customer Changed Mind
O002673,2023-10-08,Quality Issue
O002682,2024-08-19,Wrong Product
O002706,2023-10-12,Late Delivery
O002726,2025-05-17,Quality Issue
O002730,2025-10-16,Quality Issue
O002746,2025-04-16,Late Delivery
O002748,2024-10-16,Damaged
O002751,2025-11-18,Damaged
O002754,2024-01-25,Quality Issue
O002774,2023-02-24,Wrong Product
O002802,2024-10-08,Wrong Product
O002829,2025-12-01,Customer Changed Mind
O002837,2025-10-31,Customer Changed Mind
O002847,2025-12-12,Customer Changed Mind
O002868,2023-08-15,Late Delivery
O002875,2023-08-11,Late Delivery
O002904,2025-06-08,Quality Issue
O002905,2023-03-19,Late Delivery
O002908,2025-07-07,Late Delivery
O002934,2023-05-03,Quality Issue
O002954,2024-11-17,Late Delivery
O002956,2023-01-22,Wrong Product
O002966,2023-05-15,Late Delivery
O002985,2023-02-01,Damaged
O002989,2025-01-01,Quality Issue
O002991,2024-11-28,Late Delivery
O002995,2025-05-31,Customer Changed Mind
O003002,2023-09-04,Customer Changed Mind
O003052,2025-04-19,Damaged
O003077,2024-04-14,Quality Issue
O003089,2025-06-09,Late Delivery
O003122,2025-06-19,Wrong Product
O003128,2023-08-19,Quality Issue
O003166,2025-11-15,Quality Issue
O003168,2025-04-03,Damaged
O003171,2024-03-28,Late Delivery
O003192,2024-08-03,Late Delivery
O003198,2023-02-12,Wrong Product
O003225,2023-08-30,Late Delivery
O003241,2024-07-21,Quality Issue
O003270,2025-04-01,Late Delivery
O003276,2023-05-14,Late Delivery
O003279,2025-11-24,Customer Changed Mind
O003284,2023-05-13,Wrong Product
O003290,2023-06-02,Customer Changed Mind
O003309,2024-07-02,Damaged
O003340,2023-03-04,Quality Issue
O003360,2025-03-10,Late Delivery
O003398,2026-01-06,Quality Issue
O003404,2024-04-14,Quality Issue
O003408,2024-12-12,Quality Issue
O003410,2025-06-15,Damaged
O003424,2025-03-18,Damaged
O003426,2023-10-07,Wrong Product
O003437,2024-07-27,Wrong Product
O003441,2024-12-13,Damaged
O003453,2024-02-25,Damaged
O003455,2025-06-22,Customer Changed Mind
O003469,2023-10-03,Customer Changed Mind
O003472,2024-01-15,Customer Changed Mind
O003500,2025-04-17,Customer Changed Mind
O003501,2023-07-08,Damaged
O003503,2024-10-11,Wrong Product
O003513,2025-10-05,Wrong Product
O003521,2024-04-12,Quality Issue
O003524,2023-04-27,Quality Issue
O003531,2024-09-29,Late Delivery
O003536,2023-07-07,Damaged
O003554,2025-01-08,Quality Issue
O003557,2023-05-01,Late Delivery
O003558,2025-03-30,Quality Issue
O003565,2023-09-11,Damaged
O003575,2025-09-25,Customer Changed Mind
O003604,2024-01-22,Quality Issue
O003621,2025-09-02,Late Delivery
O003647,2023-02-06,Damaged
O003663,2024-03-08,Damaged
O003678,2024-06-26,Late Delivery
O003687,2023-01-08,Customer Changed Mind
O003690,2023-02-24,Damaged
O003691,2023-03-28,Wrong Product
O003694,2023-09-21,Late Delivery
O003706,2023-02-19,Damaged
O003728,2024-01-15,Quality Issue
O003755,2024-07-07,Quality Issue
O003756,2023-09-25,Late Delivery
O003813,2025-12-18,Customer Changed Mind
O003816,2024-06-03,Customer Changed Mind
O003828,2025-02-28,Quality Issue
O003835,2023-10-20,Customer Changed Mind
O003838,2025-01-27,Wrong Product
O003840,2024-06-05,Damaged
O003858,2025-12-25,Wrong Product
O003871,2023-01-27,Quality Issue
O003888,2025-07-25,Wrong Product
O003896,2024-10-08,Damaged
O003909,2024-04-11,Late Delivery
O003920,2023-05-31,Late Delivery
O003934,2024-10-10,Wrong Product
O003935,2025-02-13,Wrong Product
O003946,2025-11-03,Customer Changed Mind
O003950,2026-01-05,Late Delivery
O003958,2023-10-16,Quality Issue
O003972,2026-01-12,Customer Changed Mind
O003984,2025-03-17,Wrong Product
O004005,2023-01-15,Wrong Product
O004027,2024-09-04,Damaged
O004065,2025-03-18,Wrong Product
O004069,2025-04-24,Wrong Product
O004088,2025-08-05,Late Delivery
O004089,2025-11-22,Wrong Product
O004146,2024-07-19,Quality Issue
O004153,2025-03-06,Wrong Product
O004159,2025-04-22,Customer Changed Mind
O004173,2023-06-29,Late Delivery
O004176,2025-01-29,Customer Changed Mind
O004180,2024-07-25,Damaged
O004188,2024-09-01,Quality Issue
O004189,2025-10-13,Wrong Product
O004191,2024-02-20,Wrong Product
O004198,2024-12-13,Damaged
O004200,2025-03-01,Damaged
O004209,2024-08-22,Damaged
O004219,2023-07-21,Customer Changed Mind
O004224,2024-02-07,Late Delivery
O004253,2023-11-28,Wrong Product
O004256,2024-05-27,Late Delivery
O004257,2023-02-26,Late Delivery
O004275,2023-02-06,Quality Issue
O004285,2024-08-12,Quality Issue
O004291,2024-10-16,Damaged
O004308,2024-10-23,Quality Issue
O004311,2024-12-31,Damaged
O004324,2025-10-26,Customer Changed Mind
O004343,2023-10-05,Customer Changed Mind
O004355,2024-08-16,Late Delivery
O004363,2023-05-04,Late Delivery
O004385,2023-06-03,Quality Issue
O004415,2023-10-04,Damaged
O004438,2024-12-14,Damaged
O004446,2023-05-17,Damaged
O004455,2024-02-12,Late Delivery
O004508,2025-12-26,Damaged
O004513,2024-09-06,Quality Issue
O004527,2023-08-09,Customer Changed Mind
O004528,2023-12-11,Late Delivery
O004535,2023-04-06,Wrong Product
O004544,2025-01-16,Damaged
O004553,2024-12-08,Damaged
O004583,2024-12-29,Late Delivery
O004585,2025-02-18,Damaged
O004592,2025-03-09,Damaged
O004597,2025-08-17,Wrong Product
O004600,2023-03-29,Damaged
O004632,2024-06-11,Quality Issue
O004639,2024-05-10,Damaged
O004644,2025-02-20,Customer Changed Mind
O004651,2025-01-26,Wrong Product
O004669,2025-10-09,Damaged
O004671,2023-09-02,Customer Changed Mind
O004676,2023-08-21,Quality Issue
O004708,2024-12-06,Wrong Product
O004712,2024-03-10,Quality Issue
O004713,2025-08-29,Wrong Product
O004718,2024-05-20,Wrong Product
O004726,2025-01-19,Damaged
O004728,2023-02-23,Late Delivery
O004751,2024-05-23,Wrong Product
O004752,2024-04-20,Quality Issue
O004755,2025-03-14,Customer Changed Mind
O004771,2024-06-16,Late Delivery
O004773,2024-08-07,Damaged
O004800,2023-10-22,Quality Issue
O004802,2024-04-26,Quality Issue
O004805,2024-09-17,Quality Issue
O004822,2025-11-30,Damaged
O004827,2024-01-18,Quality Issue
O004835,2024-04-03,Quality Issue
O004887,2024-08-25,Damaged
O004901,2025-10-17,Customer Changed Mind
O004904,2023-07-01,Late Delivery
O004905,2024-04-26,Damaged
O004910,2023-04-14,Damaged
O004924,2025-11-17,Damaged
O004935,2024-12-20,Damaged
O004940,2025-10-17,Late Delivery
O004945,2025-12-04,Quality Issue
O004948,2023-07-07,Late Delivery
O004971,2024-06-15,Quality Issue
O005011,2024-07-10,Wrong Product
O005022,2024-02-24,Quality Issue
O005036,2023-07-25,Quality Issue
O005042,2024-11-03,Late Delivery
O005043,2025-03-26,Damaged
O005049,2023-04-05,Damaged
O005052,2025-06-24,Damaged
O005079,2025-03-17,Customer Changed Mind
O005090,2025-02-05,Customer Changed Mind
O005106,2025-10-06,Late Delivery
O005110,2024-03-13,Quality Issue
O005118,2024-08-11,Late Delivery
O005130,2024-10-03,Customer Changed Mind
O005148,2025-07-03,Customer Changed Mind
O005150,2023-05-07,Damaged
O005157,2023-09-11,Customer Changed Mind
O005183,2025-08-27,Wrong Product
O005230,2025-01-03,Late Delivery
O005231,2024-06-23,Customer Changed Mind
O005232,2023-12-22,Customer Changed Mind
O005246,2024-12-13,Late Delivery
O005251,2025-03-13,Customer Changed Mind
O005269,2024-10-24,Late Delivery
O005284,2024-11-21,Wrong Product
O005287,2023-09-23,Wrong Product
O005334,2023-12-01,Damaged
O005344,2023-10-01,Wrong Product
O005346,2023-08-21,Customer Changed Mind
O005350,2024-09-01,Wrong Product
O005357,2023-01-17,Wrong Product
O005404,2025-04-19,Wrong Product
O005479,2024-04-21,Quality Issue
O005486,2024-09-03,Late Delivery
O005528,2024-03-19,Quality Issue
O005532,2023-05-08,Damaged
O005534,2025-10-02,Customer Changed Mind
O005546,2023-04-12,Damaged
O005553,2025-11-07,Damaged
O005557,2024-04-01,Damaged
O005570,2025-09-26,Late Delivery
O005571,2024-12-17,Customer Changed Mind
O005574,2025-12-13,Damaged
O005577,2024-09-13,Damaged
O005586,2023-09-05,Damaged
O005588,2025-08-02,Damaged
O005613,2023-03-01,Customer Changed Mind
O005615,2024-07-11,Damaged
O005645,2025-08-28,Wrong Product
O005663,2025-10-28,Damaged
O005678,2023-06-21,Quality Issue
O005743,2025-01-18,Customer Changed Mind
O005756,2025-04-08,Late Delivery
O005759,2025-01-25,Quality Issue
O005775,2024-08-24,Customer Changed Mind
O005784,2024-02-19,Damaged
O005818,2024-01-20,Late Delivery
O005845,2025-02-25,Quality Issue
O005872,2024-08-27,Customer Changed Mind
O005877,2024-06-11,Damaged
O005879,2023-03-22,Wrong Product
O005884,2024-05-15,Wrong Product
O005891,2024-04-22,Damaged
O005892,2025-06-26,Wrong Product
O005913,2025-10-03,Wrong Product
O005927,2025-04-13,Quality Issue
O005934,2024-09-22,Customer Changed Mind
O005936,2025-04-27,Quality Issue
O005948,2023-07-16,Damaged
O005957,2023-12-31,Customer Changed Mind
O005965,2025-04-17,Wrong Product
O005970,2024-12-10,Wrong Product
O005972,2023-12-27,Wrong Product
O005980,2025-04-09,Customer Changed Mind
O005981,2025-03-10,Quality Issue
O005997,2024-04-19,Quality Issue
O005998,2026-01-04,Wrong Product
O006015,2023-12-29,Quality Issue
O006017,2023-04-16,Wrong Product
O006025,2023-06-13,Wrong Product
O006053,2025-07-03,Customer Changed Mind
O006074,2025-04-17,Damaged
O006075,2023-08-14,Quality Issue
O006079,2025-04-06,Damaged
O006093,2024-02-09,Wrong Product
O006095,2025-06-20,Damaged
O006155,2025-10-24,Late Delivery
O006156,2023-08-26,Quality Issue
O006190,2023-07-06,Damaged
O006191,2023-07-13,Damaged
O006194,2024-07-17,Customer Changed Mind
O006201,2024-01-12,Quality Issue
O006203,2023-08-08,Wrong Product
O006204,2025-02-20,Wrong Product
O006223,2023-01-21,Damaged
O006224,2025-10-20,Late Delivery
O006227,2024-12-17,Customer Changed Mind
O006251,2023-08-22,Damaged
O006253,2025-11-06,Damaged
O006258,2024-02-20,Quality Issue
O006266,2024-06-11,Wrong Product
O006285,2025-10-24,Late Delivery
O006297,2025-01-30,Quality Issue
O006317,2024-12-01,Late Delivery
O006376,2025-07-21,Customer Changed Mind
O006393,2025-05-25,Customer Changed Mind
O006402,2025-03-26,Late Delivery
O006420,2023-08-28,Damaged
O006421,2024-04-29,Late Delivery
O006430,2023-06-12,Quality Issue
O006436,2025-03-20,Quality Issue
O006451,2024-11-09,Customer Changed Mind
O006455,2023-01-11,Late Delivery
O006506,2025-04-22,Damaged
O006518,2025-06-14,Customer Changed Mind
O006565,2024-09-18,Wrong Product
O006581,2025-09-17,Damaged
O006616,2024-12-02,Late Delivery
O006633,2023-03-07,Customer Changed Mind
O006650,2023-05-02,Wrong Product
O006705,2023-08-21,Customer Changed Mind
O006725,2024-07-28,Late Delivery
O006729,2023-07-12,Late Delivery
O006737,2025-08-18,Wrong Product
O006759,2023-05-03,Damaged
O006780,2025-07-04,Damaged
O006797,2025-05-06,Quality Issue
O006817,2025-04-21,Late Delivery
O006850,2025-11-23,Damaged
O006856,2023-09-28,Late Delivery
O006861,2025-05-16,Quality Issue
O006862,2023-12-06,Quality Issue
O006864,2024-02-11,Late Delivery
O006879,2024-03-04,Quality Issue
O006887,2024-11-06,Damaged
O006917,2025-06-11,Late Delivery
O006932,2024-02-05,Quality Issue
O006935,2023-04-16,Customer Changed Mind
O006939,2026-01-08,Damaged
O006951,2025-06-16,Customer Changed Mind
O006979,2024-11-04,Customer Changed Mind
O006982,2025-03-28,Quality Issue
O007014,2023-12-23,Wrong Product
O007016,2024-07-21,Damaged
O007035,2025-05-22,Wrong Product
O007036,2024-03-15,Damaged
O007054,2023-03-25,Damaged
O007059,2024-01-07,Damaged
O007070,2025-08-23,Wrong Product
O007093,2024-08-31,Quality Issue
O007112,2023-05-23,Damaged
O007116,2024-11-09,Quality Issue
O007145,2024-07-02,Quality Issue
O007158,2025-07-22,Damaged
O007173,2024-08-10,Quality Issue
O007186,2023-10-28,Wrong Product
O007192,2024-10-04,Customer Changed Mind
O007196,2025-03-11,Damaged
O007216,2024-08-21,Quality Issue
O007220,2023-06-11,Wrong Product
O007231,2025-06-28,Late Delivery
O007255,2025-07-07,Damaged
O007258,2024-11-20,Wrong Product
O007285,2024-04-21,Damaged
O007300,2025-12-24,Late Delivery
O007314,2024-11-04,Customer Changed Mind
O007328,2025-01-27,Late Delivery
O007388,2024-11-16,Damaged
O007392,2024-03-01,Wrong Product
O007405,2023-05-22,Damaged
O007419,2025-09-07,Wrong Product
O007462,2025-06-20,Customer Changed Mind
O007482,2025-05-04,Late Delivery
O007499,2024-03-22,Wrong Product
O007510,2025-06-02,Damaged
O007517,2025-10-08,Late Delivery
O007521,2023-01-19,Damaged
O007522,2023-02-03,Customer Changed Mind
O007536,2023-03-22,Quality Issue
O007585,2024-04-22,Late Delivery
O007641,2025-03-08,Wrong Product
O007647,2023-10-09,Damaged
O007719,2024-04-12,Quality Issue
O007723,2024-04-24,Late Delivery
O007733,2024-02-23,Late Delivery
O007744,2025-01-29,Wrong Product
O007766,2023-05-07,Damaged
O007768,2024-06-16,Customer Changed Mind
O007771,2023-06-13,Late Delivery
O007776,2023-03-09,Damaged
O007807,2023-06-22,Customer Changed Mind
O007833,2024-05-24,Quality Issue
O007839,2024-06-27,Quality Issue
O007855,2024-09-17,Wrong Product
O007856,2025-11-26,Wrong Product
O007870,2024-12-07,Wrong Product
O007888,2025-12-19,Damaged
O007896,2023-04-20,Damaged
O007898,2024-05-08,Quality Issue
O007903,2025-02-23,Customer Changed Mind
O007926,2024-03-14,Late Delivery
O007943,2023-04-17,Wrong Product
O007944,2026-01-06,Customer Changed Mind
O007965,2023-05-27,Quality Issue
O007972,2025-04-29,Wrong Product
O007985,2025-03-16,Customer Changed Mind
O007996,2025-08-04,Damaged
O008001,2025-11-22,Quality Issue
O008037,2024-04-29,Wrong Product
O008069,2025-11-23,Customer Changed Mind
O008079,2025-10-14,Late Delivery
O008085,2023-11-09,Wrong Product
O008100,2025-10-06,Late Delivery
O008105,2025-08-20,Damaged
O008108,2024-11-17,Quality Issue
O008129,2023-12-03,Damaged
O008132,2023-10-10,Customer Changed Mind
O008154,2024-03-19,Customer Changed Mind
O008157,2023-05-31,Damaged
O008158,2024-08-28,Customer Changed Mind
O008162,2023-08-11,Late Delivery
O008163,2023-05-29,Late Delivery
O008166,2023-03-21,Damaged
O008168,2024-05-31,Wrong Product
O008198,2024-03-23,Quality Issue
O008201,2024-05-04,Customer Changed Mind
O008203,2025-11-15,Customer Changed Mind
O008214,2024-11-08,Quality Issue
O008236,2025-10-13,Wrong Product
O008264,2025-07-25,Quality Issue
O008269,2025-02-07,Customer Changed Mind
O008274,2024-02-17,Late Delivery
O008338,2023-04-30,Wrong Product
O008343,2025-03-22,Quality Issue
O008349,2023-10-12,Late Delivery
O008361,2025-07-30,Wrong Product
O008381,2024-09-30,Customer Changed Mind
O008392,2025-01-29,Wrong Product
O008394,2025-09-12,Quality Issue
O008395,2024-10-03,Late Delivery
O008403,2025-04-16,Wrong Product
O008426,2023-06-15,Quality Issue
O008435,2023-04-04,Damaged
O008460,2023-06-23,Quality Issue
O008467,2025-07-16,Late Delivery
O008472,2023-02-21,Late Delivery
O008476,2023-11-29,Customer Changed Mind
O008503,2025-11-01,Quality Issue
O008518,2023-02-12,Late Delivery
O008519,2024-08-07,Wrong Product
O008530,2025-10-30,Damaged
O008617,2025-06-13,Customer Changed Mind
O008622,2023-01-20,Customer Changed Mind
O008634,2024-02-25,Quality Issue
O008637,2025-01-17,Customer Changed Mind
O008642,2024-12-16,Damaged
O008645,2025-05-29,Wrong Product
O008668,2023-01-31,Late Delivery
O008670,2023-11-26,Late Delivery
O008678,2024-10-02,Wrong Product
O008700,2024-01-03,Damaged
O008713,2023-08-05,Damaged
O008727,2023-06-14,Customer Changed Mind
O008745,2023-09-11,Customer Changed Mind
O008802,2023-04-12,Customer Changed Mind
O008812,2024-08-09,Late Delivery
O008853,2025-05-25,Wrong Product
O008866,2024-01-30,Customer Changed Mind
O008938,2023-03-28,Damaged
O008942,2023-11-20,Damaged
O008945,2024-12-27,Damaged
O008949,2024-05-13,Wrong Product
O008989,2024-07-31,Quality Issue
O009044,2023-10-26,Wrong Product
O009045,2024-03-26,Damaged
O009076,2024-01-23,Late Delivery
O009100,2024-02-12,Late Delivery
O009104,2024-05-26,Wrong Product
O009117,2025-01-30,Late Delivery
O009143,2025-06-01,Damaged
O009151,2023-10-24,Customer Changed Mind
O009163,2023-08-23,Wrong Product
O009165,2023-06-28,Late Delivery
O009189,2025-03-29,Wrong Product
O009191,2025-06-12,Wrong Product
O009198,2023-09-18,Quality Issue
O009203,2025-03-22,Quality Issue
O009208,2025-10-18,Quality Issue
O009216,2024-11-04,Late Delivery
O009238,2024-03-31,Wrong Product
O009247,2025-02-18,Late Delivery
O009249,2025-09-23,Customer Changed Mind
O009278,2025-02-19,Quality Issue
O009291,2024-09-04,Wrong Product
O009307,2024-09-25,Quality Issue
O009309,2024-08-24,Damaged
O009314,2025-06-09,Quality Issue
O009319,2024-02-14,Damaged
O009336,2024-11-29,Damaged
O009338,2023-02-20,Customer Changed Mind
O009342,2024-03-10,Late Delivery
O009346,2025-12-23,Quality Issue
O009348,2023-08-11,Late Delivery
O009398,2025-10-13,Damaged
O009403,2025-03-04,Wrong Product
O009465,2025-11-23,Late Delivery
O009468,2023-06-24,Wrong Product
O009470,2023-12-30,Late Delivery
O009471,2024-01-01,Customer Changed Mind
O009481,2024-02-19,Customer Changed Mind
O009521,2023-12-08,Quality Issue
O009554,2025-12-16,Customer Changed Mind
O009555,2024-01-09,Wrong Product
O009557,2024-06-20,Late Delivery
O009573,2023-09-23,Quality Issue
O009580,2025-06-28,Quality Issue
O009590,2025-12-23,Late Delivery
O009598,2024-09-22,Customer Changed Mind
O009616,2025-04-19,Late Delivery
O009628,2025-08-26,Wrong Product
O009635,2023-12-07,Wrong Product
O009643,2024-04-11,Quality Issue
O009646,2024-05-27,Quality Issue
O009648,2024-09-25,Damaged
O009652,2023-11-03,Late Delivery
O009657,2024-04-19,Quality Issue
O009664,2025-05-31,Damaged
O009669,2024-01-18,Damaged
O009672,2024-02-01,Late Delivery
O009683,2024-09-27,Late Delivery
O009686,2023-06-19,Customer Changed Mind
O009693,2023-08-10,Late Delivery
O009697,2024-10-10,Damaged
O009706,2023-03-18,Wrong Product
O009708,2024-01-18,Quality Issue
O009730,2025-08-31,Late Delivery
O009744,2023-09-13,Damaged
O009745,2023-03-26,Customer Changed Mind
O009789,2024-08-29,Wrong Product
O009799,2025-05-19,Customer Changed Mind
O009807,2023-03-19,Damaged
O009812,2025-10-16,Damaged
O009815,2023-08-07,Customer Changed Mind
O009839,2023-09-05,Quality Issue
O009881,2025-08-05,Wrong Product
O009886,2024-11-02,Damaged
O009888,2023-12-25,Damaged
O009898,2024-06-22,Customer Changed Mind
O009904,2025-04-18,Wrong Product
O009931,2024-12-21,Damaged
O009950,2025-10-29,Wrong Product
O010008,2025-07-05,Late Delivery
O010012,2023-02-02,Late Delivery
O010026,2024-08-21,Quality Issue
O010031,2024-04-27,Damaged
O010033,2023-11-02,Late Delivery
O010068,2023-01-22,Late Delivery
O010071,2024-06-18,Late Delivery
O010080,2024-09-26,Damaged
O010102,2024-02-01,Wrong Product
O010110,2025-07-11,Late Delivery
O010124,2023-11-29,Late Delivery
O010143,2023-03-18,Quality Issue
O010161,2023-09-02,Damaged
O010166,2025-11-17,Wrong Product
O010189,2025-11-23,Quality Issue
O010190,2025-04-02,Wrong Product
O010193,2024-10-21,Damaged
O010203,2024-10-19,Damaged
O010206,2024-02-21,Wrong Product
O010210,2023-05-11,Late Delivery
O010218,2024-08-10,Damaged
O010221,2023-11-11,Wrong Product
O010236,2025-10-31,Late Delivery
O010250,2024-06-14,Damaged
O010264,2025-03-06,Customer Changed Mind
O010286,2023-11-15,Customer Changed Mind
O010291,2025-06-09,Damaged
O010300,2025-04-05,Customer Changed Mind
O010311,2023-07-26,Damaged
O010340,2023-01-31,Wrong Product
O010356,2023-08-07,Late Delivery
O010357,2025-11-05,Damaged
O010384,2025-12-23,Late Delivery
O010386,2024-12-04,Wrong Product
O010406,2025-05-04,Quality Issue
O010419,2024-01-28,Quality Issue
O010450,2024-01-10,Late Delivery
O010502,2023-03-08,Customer Changed Mind
O010547,2024-02-23,Damaged
O010592,2024-03-23,Wrong Product
O010594,2025-05-20,Customer Changed Mind
O010598,2023-03-17,Customer Changed Mind
O010600,2023-04-26,Damaged
O010608,2024-01-10,Customer Changed Mind
O010617,2023-12-22,Wrong Product
O010622,2025-01-15,Customer Changed Mind
O010630,2024-08-21,Damaged
O010643,2024-09-26,Customer Changed Mind
O010644,2024-02-12,Wrong Product
O010656,2023-04-18,Customer Changed Mind
O010658,2025-03-13,Late Delivery
O010673,2023-12-23,Wrong Product
O010695,2024-08-31,Late Delivery
O010702,2025-02-13,Damaged
O010713,2024-12-01,Damaged
O010724,2024-01-21,Customer Changed Mind
O010737,2025-12-30,Quality Issue
O010760,2024-07-26,Damaged
O010767,2024-10-14,Damaged
O010779,2024-08-14,Damaged
O010784,2023-02-05,Damaged
O010804,2023-09-01,Damaged
O010813,2025-04-30,Customer Changed Mind
O010820,2023-10-12,Late Delivery
O010821,2023-03-11,Late Delivery
O010841,2024-01-15,Customer Changed Mind
O010866,2025-02-08,Late Delivery
O010885,2024-04-14,Wrong Product
O010899,2025-10-31,Customer Changed Mind
O010913,2025-12-09,Customer Changed Mind
O010921,2023-04-11,Quality Issue
O010926,2025-08-25,Wrong Product
O010937,2025-04-23,Quality Issue
O010939,2023-11-30,Quality Issue
O010953,2024-08-24,Customer Changed Mind
O010960,2025-08-07,Customer Changed Mind
O010963,2024-04-05,Late Delivery
O010975,2023-11-01,Quality Issue
O010981,2024-02-02,Damaged
O010991,2024-01-11,Customer Changed Mind
O011007,2023-12-16,Quality Issue
O011015,2024-05-17,Damaged
O011028,2025-10-07,Wrong Product
O011036,2023-07-03,Customer Changed Mind
O011059,2023-11-03,Quality Issue
O011075,2025-02-14,Quality Issue
O011095,2025-03-28,Late Delivery
O011103,2024-07-04,Late Delivery
O011113,2024-10-19,Wrong Product
O011120,2026-01-02,Late Delivery
O011125,2024-08-20,Quality Issue
O011132,2023-02-20,Damaged
O011162,2025-02-12,Quality Issue
O011172,2025-04-26,Damaged
O011184,2024-07-16,Late Delivery
O011211,2023-02-26,Customer Changed Mind
O011229,2023-07-30,Wrong Product
O011234,2023-09-05,Damaged
O011235,2025-02-06,Customer Changed Mind
O011248,2023-06-05,Late Delivery
O011268,2025-03-26,Quality Issue
O011270,2023-01-26,Late Delivery
O011276,2025-12-02,Customer Changed Mind
O011294,2023-12-31,Damaged
O011297,2023-06-11,Late Delivery
O011316,2024-03-11,Damaged
O011319,2023-06-20,Quality Issue
O011324,2023-10-06,Damaged
O011357,2024-09-08,Late Delivery
O011373,2023-09-14,Quality Issue
O011427,2024-06-18,Late Delivery
O011436,2023-01-27,Customer Changed Mind
O011447,2025-08-18,Damaged
O011448,2025-05-12,Customer Changed Mind
O011455,2025-07-11,Late Delivery
O011498,2023-06-24,Wrong Product
O011522,2024-02-24,Customer Changed Mind
O011552,2024-10-02,Late Delivery
O011565,2023-03-03,Quality Issue
O011583,2025-03-19,Quality Issue
O011654,2023-12-22,Wrong Product
O011667,2024-10-02,Damaged
O011686,2023-12-22,Wrong Product
O011691,2023-08-27,Late Delivery
O011714,2023-06-29,Damaged
O011719,2025-02-02,Damaged
O011737,2023-10-14,Quality Issue
O011760,2023-02-25,Damaged
O011767,2024-07-23,Late Delivery
O011792,2025-07-25,Customer Changed Mind
O011802,2025-07-04,Damaged
O011819,2025-05-20,Late Delivery
O011820,2024-01-08,Late Delivery
O011823,2025-10-20,Damaged
O011827,2023-06-05,Damaged
O011849,2025-10-25,Damaged
O011861,2026-01-01,Late Delivery
O011875,2023-03-06,Damaged
O011876,2024-07-31,Damaged
O011881,2025-03-24,Damaged
O011895,2024-09-14,Damaged
O011924,2025-09-13,Late Delivery
O011957,2025-04-05,Wrong Product
O011974,2023-05-02,Wrong Product
O011985,2025-04-14,Quality Issue
O011989,2025-02-08,Damaged
O012037,2023-08-05,Customer Changed Mind
O012047,2025-01-24,Customer Changed Mind
O012077,2025-09-25,Late Delivery
O012090,2025-07-05,Quality Issue
O012091,2023-05-17,Quality Issue
O012096,2025-06-06,Quality Issue
O012100,2024-07-06,Late Delivery
O012110,2023-12-06,Damaged
O012112,2024-08-28,Wrong Product
O012121,2023-08-20,Late Delivery
O012125,2024-12-03,Customer Changed Mind
O012127,2024-09-29,Late Delivery
O012129,2025-03-11,Customer Changed Mind
O012160,2024-02-11,Late Delivery
O012164,2024-04-06,Customer Changed Mind
O012191,2025-02-26,Damaged
O012198,2023-06-17,Wrong Product
O012207,2025-07-01,Quality Issue
O012231,2023-09-24,Late Delivery
O012237,2023-01-20,Late Delivery
O012238,2023-08-22,Late Delivery
O012252,2024-03-25,Quality Issue
O012273,2023-05-11,Wrong Product
O012276,2025-12-18,Damaged
O012288,2023-12-14,Wrong Product
O012306,2024-10-03,Late Delivery
O012308,2023-02-01,Damaged
O012337,2023-01-24,Late Delivery
O012344,2024-02-19,Customer Changed Mind
O012353,2025-05-30,Customer Changed Mind
O012368,2023-01-21,Quality Issue
O012375,2023-01-21,Quality Issue
O012377,2023-01-31,Damaged
O012383,2024-10-23,Customer Changed Mind
O012393,2025-11-04,Wrong Product
O012411,2023-07-09,Late Delivery
O012424,2024-02-12,Customer Changed Mind
O012426,2023-03-10,Customer Changed Mind
O012432,2025-11-12,Late Delivery
O012449,2023-05-15,Damaged
O012466,2024-08-11,Quality Issue
O012521,2025-06-04,Wrong Product
O012539,2024-02-02,Damaged
O012547,2024-02-02,Damaged
O012560,2024-03-05,Damaged
O012606,2025-11-26,Wrong Product
O012621,2023-08-12,Wrong Product
O012623,2025-01-19,Customer Changed Mind
O012646,2023-04-03,Customer Changed Mind
O012649,2023-10-26,Late Delivery
O012661,2023-03-12,Damaged
O012673,2024-05-22,Quality Issue
O012682,2024-04-12,Wrong Product
O012687,2023-08-22,Customer Changed Mind
O012724,2024-02-14,Quality Issue
O012726,2024-06-03,Wrong Product
O012730,2023-09-13,Wrong Product
O012747,2023-06-01,Quality Issue
O012770,2024-05-27,Wrong Product
O012788,2024-10-07,Wrong Product
O012817,2025-05-30,Wrong Product
O012819,2024-07-03,Wrong Product
O012823,2025-04-13,Late Delivery
O012825,2024-07-16,Damaged
O012826,2024-05-02,Quality Issue
O012828,2025-08-24,Damaged
O012852,2023-02-23,Damaged
O012864,2025-08-04,Damaged
O012869,2025-01-31,Customer Changed Mind
O012872,2023-01-09,Damaged
O012878,2024-05-18,Customer Changed Mind
O012884,2023-12-26,Late Delivery
O012908,2023-05-10,Quality Issue
O012924,2023-04-14,Wrong Product
O012931,2025-06-01,Wrong Product
O012938,2024-03-17,Customer Changed Mind
O012960,2023-07-15,Late Delivery
O012961,2024-01-05,Late Delivery
O012979,2023-11-06,Customer Changed Mind
O012986,2023-08-18,Damaged
O012987,2024-08-30,Wrong Product
O012988,2025-05-23,Quality Issue
O012989,2023-01-28,Late Delivery
O012996,2026-01-01,Damaged
O013016,2023-03-10,Quality Issue
O013036,2023-01-22,Late Delivery
O013040,2024-08-31,Late Delivery
O013085,2024-08-23,Damaged
O013089,2025-09-01,Damaged
O013103,2024-10-29,Damaged
O013109,2023-04-15,Wrong Product
O013110,2025-07-11,Quality Issue
O013129,2025-08-23,Wrong Product
O013134,2024-01-17,Late Delivery
O013142,2023-05-21,Wrong Product
O013154,2024-08-15,Quality Issue
O013163,2023-10-05,Damaged
O013179,2025-09-16,Quality Issue
O013218,2025-01-02,Wrong Product
O013225,2024-05-05,Quality Issue
O013227,2024-06-11,Wrong Product
O013242,2024-08-08,Late Delivery
O013256,2024-12-30,Late Delivery
O013265,2025-05-15,Late Delivery
O013272,2024-03-01,Damaged
O013286,2025-03-13,Customer Changed Mind
O013290,2025-04-28,Customer Changed Mind
O013292,2024-09-24,Customer Changed Mind
O013294,2024-12-02,Quality Issue
O013308,2025-11-04,Quality Issue
O013320,2025-12-02,Late Delivery
O013381,2024-06-28,Customer Changed Mind
O013401,2025-09-14,Wrong Product
O013412,2024-11-26,Customer Changed Mind
O013457,2023-05-08,Late Delivery
O013507,2024-11-02,Damaged
O013513,2025-01-24,Damaged
O013518,2023-03-25,Quality Issue
O013528,2024-01-30,Quality Issue
O013539,2024-02-03,Late Delivery
O013540,2025-08-04,Late Delivery
O013558,2023-02-19,Wrong Product
O013563,2023-09-09,Wrong Product
O013566,2025-07-04,Wrong Product
O013581,2024-06-21,Wrong Product
O013619,2025-11-28,Quality Issue
O013632,2024-03-11,Quality Issue
O013661,2023-09-18,Quality Issue
O013683,2025-12-09,Wrong Product
O013717,2023-07-20,Wrong Product
O013718,2024-02-24,Late Delivery
O013747,2025-12-29,Wrong Product
O013766,2023-08-30,Late Delivery
O013775,2024-07-01,Quality Issue
O013816,2023-06-02,Late Delivery
O013842,2025-05-03,Customer Changed Mind
O013880,2024-10-04,Late Delivery
O013881,2025-02-25,Customer Changed Mind
O013884,2023-12-19,Customer Changed Mind
O013887,2023-08-30,Damaged
O013910,2025-03-21,Wrong Product
O013948,2024-10-29,Damaged
O013979,2024-02-09,Late Delivery
O013983,2024-09-18,Late Delivery
O014001,2023-10-11,Customer Changed Mind
O014005,2023-07-20,Late Delivery
O014007,2025-10-30,Quality Issue
O014015,2023-04-22,Wrong Product
O014019,2023-11-09,Wrong Product
O014037,2024-11-17,Wrong Product
O014038,2024-04-27,Wrong Product
O014041,2024-02-29,Customer Changed Mind
O014044,2024-02-19,Customer Changed Mind
O014057,2023-03-12,Wrong Product
O014099,2024-05-13,Wrong Product
O014103,2024-07-18,Customer Changed Mind
O014119,2023-04-15,Quality Issue
O014133,2024-01-08,Damaged
O014163,2023-08-31,Damaged
O014170,2025-08-29,Late Delivery
O014188,2025-04-13,Late Delivery
O014205,2025-08-04,Damaged
O014214,2024-04-26,Late Delivery
O014233,2025-02-03,Quality Issue
O014264,2024-06-21,Quality Issue
O014266,2024-03-20,Damaged
O014278,2024-01-09,Damaged
O014281,2025-05-31,Customer Changed Mind
O014331,2025-04-14,Quality Issue
O014334,2025-12-26,Wrong Product
O014342,2023-05-26,Late Delivery
O014348,2025-12-17,Late Delivery
O014416,2025-07-29,Late Delivery
O014417,2025-10-06,Late Delivery
O014422,2025-06-16,Quality Issue
O014442,2023-12-10,Damaged
O014455,2023-04-14,Late Delivery
O014468,2023-11-29,Damaged
O014481,2024-11-23,Late Delivery
O014494,2024-06-15,Damaged
O014507,2024-09-07,Damaged
O014530,2023-07-04,Late Delivery
O014576,2023-07-28,Wrong Product
O014578,2025-04-09,Late Delivery
O014588,2024-05-08,Quality Issue
O014598,2023-09-25,Quality Issue
O014609,2023-01-14,Customer Changed Mind
O014618,2025-03-26,Damaged
O014620,2024-03-05,Wrong Product
O014658,2023-07-23,Customer Changed Mind
O014675,2024-05-17,Wrong Product
O014685,2025-08-09,Late Delivery
O014693,2025-10-20,Damaged
O014700,2024-10-23,Late Delivery
O014707,2025-03-24,Customer Changed Mind
O014719,2025-12-09,Late Delivery
O014723,2024-08-11,Quality Issue
O014728,2023-07-01,Damaged
O014733,2024-03-30,Late Delivery
O014735,2024-03-22,Wrong Product
O014759,2023-07-25,Late Delivery
O014768,2025-07-25,Wrong Product
O014769,2024-05-30,Damaged
O014772,2023-03-27,Quality Issue
O014788,2024-04-11,Wrong Product
O014790,2024-10-11,Damaged
O014793,2025-05-25,Customer Changed Mind
O014799,2024-03-26,Wrong Product
O014804,2025-01-16,Late Delivery
O014805,2023-01-13,Quality Issue
O014823,2024-02-15,Customer Changed Mind
O014839,2024-02-19,Quality Issue
O014840,2025-06-05,Customer Changed Mind
O014848,2024-12-11,Damaged
O014851,2023-07-26,Customer Changed Mind
O014853,2024-11-16,Customer Changed Mind
O014861,2024-10-02,Wrong Product
O014866,2023-02-17,Quality Issue
O014883,2023-02-04,Quality Issue
O014929,2023-05-22,Late Delivery
O014951,2024-02-22,Late Delivery
O014972,2025-11-11,Quality Issue
O014977,2023-03-01,Damaged
O014985,2023-09-15,Customer Changed Mind
O014995,2025-05-01,Late Delivery
O015000,2025-01-14,Late Delivery
O015020,2025-02-18,Quality Issue
O015028,2025-07-20,Damaged
O015070,2024-06-15,Quality Issue
O015130,2025-01-12,Late Delivery
O015134,2023-11-08,Damaged
O015136,2025-11-06,Quality Issue
O015137,2023-09-24,Customer Changed Mind
O015141,2024-12-16,Wrong Product
O015156,2023-06-21,Customer Changed Mind
O015157,2024-09-25,Wrong Product
O015162,2025-01-09,Damaged
O015169,2025-01-01,Late Delivery
O015198,2024-10-12,Wrong Product
O015219,2024-08-18,Quality Issue
O015244,2023-10-05,Damaged
O015255,2025-02-24,Customer Changed Mind
O015313,2023-07-29,Customer Changed Mind
O015316,2025-08-13,Quality Issue
O015330,2024-01-20,Damaged
O015340,2024-02-03,Customer Changed Mind
O015364,2024-03-11,Damaged
O015385,2023-12-05,Damaged
O015404,2024-01-30,Customer Changed Mind
O015414,2024-08-04,Customer Changed Mind
O015418,2025-11-05,Customer Changed Mind
O015427,2023-06-05,Quality Issue
O015428,2023-07-09,Customer Changed Mind
O015434,2023-08-23,Late Delivery
O015442,2025-09-18,Quality Issue
O015472,2025-12-01,Customer Changed Mind
O015506,2024-12-16,Customer Changed Mind
O015512,2023-07-04,Customer Changed Mind
O015514,2023-12-07,Quality Issue
O015521,2023-12-19,Customer Changed Mind
O015533,2025-03-10,Wrong Product
O015550,2025-09-13,Quality Issue
O015552,2025-03-09,Late Delivery
O015553,2023-07-05,Late Delivery
O015607,2024-05-05,Damaged
O015610,2023-05-25,Damaged
O015621,2023-04-20,Quality Issue
O015626,2023-09-25,Customer Changed Mind
O015627,2023-11-30,Late Delivery
O015649,2025-03-26,Quality Issue
O015650,2024-04-27,Damaged
O015673,2024-04-15,Quality Issue
O015680,2023-11-24,Late Delivery
O015714,2023-06-27,Late Delivery
O015718,2025-11-18,Quality Issue
O015743,2023-03-06,Quality Issue
O015758,2025-01-26,Wrong Product
O015761,2023-12-12,Customer Changed Mind
O015770,2024-04-18,Quality Issue
O015814,2023-03-02,Customer Changed Mind
O015829,2025-03-22,Late Delivery
O015854,2025-02-26,Quality Issue
O015863,2024-01-12,Quality Issue
O015872,2025-06-15,Customer Changed Mind
O015881,2025-09-29,Damaged
O015936,2024-12-11,Wrong Product
O015942,2025-02-14,Late Delivery
O015946,2024-01-12,Customer Changed Mind
O015955,2023-05-28,Customer Changed Mind
O015958,2023-03-15,Wrong Product
O015961,2025-07-19,Late Delivery
O015974,2025-08-18,Damaged
O015980,2024-03-25,Customer Changed Mind
O015989,2024-07-22,Customer Changed Mind
O016002,2024-08-16,Quality Issue
O016012,2024-03-23,Late Delivery
O016015,2024-04-04,Customer Changed Mind
O016031,2023-08-09,Customer Changed Mind
O016034,2023-08-02,Wrong Product
O016042,2024-10-28,Late Delivery
O016065,2024-03-08,Wrong Product
O016084,2023-09-19,Wrong Product
O016094,2025-09-18,Wrong Product
O016099,2024-08-22,Quality Issue
O016143,2025-06-24,Customer Changed Mind
O016164,2025-01-23,Late Delivery
O016165,2024-12-17,Quality Issue
O016175,2025-06-02,Wrong Product
O016178,2025-11-08,Late Delivery
O016202,2025-01-23,Quality Issue
O016219,2023-08-05,Damaged
O016236,2023-12-02,Customer Changed Mind
O016240,2024-11-22,Wrong Product
O016247,2026-01-01,Damaged
O016288,2025-07-29,Damaged
O016332,2025-04-07,Wrong Product
O016341,2025-05-30,Damaged
O016347,2024-12-08,Wrong Product
O016350,2023-10-23,Wrong Product
O016351,2023-03-31,Quality Issue
O016359,2024-05-14,Damaged
O016377,2024-02-11,Damaged
O016382,2025-05-15,Late Delivery
O016416,2023-11-22,Wrong Product
O016464,2025-01-24,Quality Issue
O016470,2023-03-18,Damaged
O016514,2023-11-01,Damaged
O016536,2023-09-11,Damaged
O016572,2023-03-27,Customer Changed Mind
O016578,2024-04-19,Customer Changed Mind
O016581,2025-08-30,Late Delivery
O016602,2023-05-18,Wrong Product
O016614,2023-01-11,Wrong Product
O016635,2024-10-28,Late Delivery
O016636,2024-11-12,Damaged
O016676,2024-07-22,Late Delivery
O016693,2024-05-17,Quality Issue
O016702,2023-08-29,Wrong Product
O016740,2024-08-01,Late Delivery
O016749,2025-06-29,Damaged
O016758,2024-10-04,Wrong Product
O016763,2023-09-12,Quality Issue
O016805,2024-11-05,Wrong Product
O016809,2024-07-24,Quality Issue
O016832,2023-12-25,Customer Changed Mind
O016851,2024-03-16,Customer Changed Mind
O016852,2023-02-16,Quality Issue
O016912,2024-10-02,Customer Changed Mind
O016927,2024-01-16,Late Delivery
O016928,2025-05-05,Late Delivery
O016938,2025-05-14,Late Delivery
O016940,2024-10-25,Late Delivery
O016943,2023-10-11,Quality Issue
O016977,2023-05-01,Wrong Product
O016992,2024-09-05,Wrong Product
O017018,2025-12-20,Quality Issue
O017019,2023-05-04,Wrong Product
O017092,2025-06-18,Wrong Product
O017118,2025-09-24,Wrong Product
O017185,2023-10-07,Late Delivery
O017191,2023-01-31,Customer Changed Mind
O017201,2024-12-26,Wrong Product
O017234,2025-06-26,Quality Issue
O017235,2024-01-31,Damaged
O017236,2023-06-05,Quality Issue
O017248,2025-12-16,Quality Issue
O017258,2023-10-24,Damaged
O017289,2025-11-18,Customer Changed Mind
O017291,2024-09-10,Damaged
O017315,2024-03-23,Wrong Product
O017324,2024-04-19,Wrong Product
O017327,2023-11-10,Damaged
O017345,2025-02-24,Quality Issue
O017351,2026-01-07,Damaged
O017355,2025-09-16,Wrong Product
O017384,2025-05-26,Damaged
O017394,2023-02-17,Wrong Product
O017397,2024-09-22,Wrong Product
O017400,2025-04-25,Late Delivery
O017418,2024-03-26,Late Delivery
O017421,2025-12-05,Quality Issue
O017424,2024-09-03,Customer Changed Mind
O017456,2024-06-16,Late Delivery
O017489,2023-09-04,Damaged
O017510,2025-09-12,Customer Changed Mind
O017516,2025-04-13,Damaged
O017521,2025-08-15,Wrong Product
O017535,2025-04-10,Wrong Product
O017542,2024-12-12,Wrong Product
O017555,2024-10-08,Wrong Product
O017569,2023-03-06,Quality Issue
O017570,2025-02-15,Late Delivery
O017573,2023-07-05,Wrong Product
O017575,2024-04-22,Wrong Product
O017578,2024-09-01,Wrong Product
O017584,2025-09-23,Customer Changed Mind
O017592,2025-05-23,Quality Issue
O017618,2023-04-05,Quality Issue
O017622,2025-07-30,Customer Changed Mind
O017649,2025-08-12,Damaged
O017669,2023-05-21,Late Delivery
O017696,2025-04-17,Late Delivery
O017756,2023-01-24,Late Delivery
O017799,2025-04-30,Customer Changed Mind
O017819,2024-12-15,Damaged
O017845,2025-03-28,Wrong Product
O017874,2025-10-05,Damaged
O017892,2023-01-18,Quality Issue
O017901,2024-08-30,Damaged
O017908,2025-08-04,Customer Changed Mind
O017922,2023-02-24,Wrong Product
O017928,2025-05-20,Late Delivery
O017945,2025-08-11,Late Delivery
O017949,2025-11-29,Customer Changed Mind
O017956,2023-12-01,Wrong Product
O017962,2025-01-06,Quality Issue
O017975,2024-12-13,Quality Issue
O017993,2023-01-18,Damaged
O017995,2023-09-18,Quality Issue
O018006,2025-10-29,Customer Changed Mind
O018112,2024-05-24,Late Delivery
O018126,2025-06-21,Wrong Product
O018143,2024-08-09,Quality Issue
O018148,2024-01-03,Damaged
O018180,2025-04-19,Damaged
O018181,2023-07-10,Late Delivery
O018184,2025-10-27,Late Delivery
O018190,2024-09-19,Late Delivery
O018242,2023-06-17,Quality Issue
O018251,2023-09-20,Customer Changed Mind
O018257,2023-12-27,Late Delivery
O018273,2025-02-03,Quality Issue
O018293,2025-09-16,Customer Changed Mind
O018302,2024-11-12,Late Delivery
O018321,2023-02-13,Customer Changed Mind
O018322,2023-01-26,Customer Changed Mind
O018326,2024-03-02,Late Delivery
O018349,2025-11-15,Customer Changed Mind
O018356,2025-09-16,Late Delivery
O018363,2023-07-12,Customer Changed Mind
O018373,2024-08-16,Late Delivery
O018419,2023-03-13,Customer Changed Mind
O018425,2025-09-17,Damaged
O018438,2025-04-29,Wrong Product
O018452,2024-12-23,Customer Changed Mind
O018457,2025-07-16,Wrong Product
O018459,2023-03-02,Quality Issue
O018465,2024-02-15,Damaged
O018468,2025-06-04,Damaged
O018469,2024-10-12,Customer Changed Mind
O018471,2024-01-18,Wrong Product
O018477,2023-06-09,Customer Changed Mind
O018480,2024-04-28,Customer Changed Mind
O018481,2024-09-29,Wrong Product
O018528,2025-01-25,Wrong Product
O018532,2023-02-11,Customer Changed Mind
O018552,2025-12-24,Wrong Product
O018555,2023-08-25,Damaged
O018565,2024-04-04,Damaged
O018571,2024-06-09,Customer Changed Mind
O018572,2025-04-13,Late Delivery
O018583,2025-12-29,Damaged
O018589,2024-12-08,Wrong Product
O018601,2023-09-18,Damaged
O018604,2023-04-08,Damaged
O018607,2023-06-10,Damaged
O018622,2025-11-09,Damaged
O018625,2025-07-02,Damaged
O018635,2025-01-08,Late Delivery
O018658,2024-07-13,Customer Changed Mind
O018662,2023-08-07,Quality Issue
O018681,2024-09-15,Quality Issue
O018704,2023-07-06,Quality Issue
O018765,2023-12-07,Damaged
O018778,2024-12-01,Damaged
O018786,2025-03-11,Damaged
O018790,2024-10-23,Late Delivery
O018794,2025-05-17,Damaged
O018812,2023-07-18,Damaged
O018815,2025-12-19,Wrong Product
O018842,2024-09-18,Quality Issue
O018852,2025-08-30,Customer Changed Mind
O018867,2025-09-22,Customer Changed Mind
O018875,2025-04-20,Late Delivery
O018879,2023-05-20,Customer Changed Mind
O018904,2023-07-04,Late Delivery
O018919,2024-07-20,Late Delivery
O018929,2023-01-09,Late Delivery
O018949,2024-12-07,Late Delivery
O018968,2024-01-17,Damaged
O019003,2026-01-07,Customer Changed Mind
O019004,2023-01-07,Quality Issue
O019020,2023-09-28,Quality Issue
O019052,2023-04-18,Quality Issue
O019058,2023-10-23,Wrong Product
O019069,2025-04-25,Wrong Product
O019070,2024-01-20,Wrong Product
O019072,2023-08-27,Wrong Product
O019125,2024-07-15,Damaged
O019130,2023-07-19,Damaged
O019164,2025-12-16,Quality Issue
O019184,2025-12-30,Customer Changed Mind
O019206,2025-03-23,Wrong Product
O019222,2025-11-11,Damaged
O019236,2024-03-26,Late Delivery
O019262,2024-04-04,Quality Issue
O019272,2024-10-10,Late Delivery
O019283,2025-12-31,Customer Changed Mind
O019296,2023-02-26,Damaged
O019303,2023-10-08,Wrong Product
O019315,2024-01-06,Wrong Product
O019331,2024-06-04,Quality Issue
O019353,2025-11-08,Quality Issue
O019355,2025-01-11,Quality Issue
O019377,2024-07-23,Customer Changed Mind
O019427,2024-11-12,Customer Changed Mind
O019440,2024-04-22,Quality Issue
O019441,2025-04-27,Wrong Product
O019455,2024-09-27,Quality Issue
O019462,2023-12-28,Wrong Product
O019472,2024-11-11,Customer Changed Mind
O019478,2024-10-15,Quality Issue
O019479,2023-06-14,Wrong Product
O019486,2025-04-20,Quality Issue
O019498,2023-02-24,Late Delivery
O019507,2024-05-05,Damaged
O019563,2024-03-07,Wrong Product
O019566,2023-08-17,Damaged
O019578,2025-12-06,Late Delivery
O019584,2023-08-01,Customer Changed Mind
O019602,2023-11-13,Late Delivery
O019614,2024-10-07,Late Delivery
O019636,2023-02-15,Damaged
O019643,2025-05-30,Customer Changed Mind
O019653,2025-07-01,Customer Changed Mind
O019660,2025-10-22,Late Delivery
O019675,2024-08-23,Quality Issue
O019685,2025-02-24,Customer Changed Mind
O019702,2025-05-26,Customer Changed Mind
O019708,2023-05-09,Quality Issue
O019746,2025-12-22,Wrong Product
O019767,2023-06-23,Customer Changed Mind
O019770,2025-01-19,Damaged
O019779,2025-04-07,Damaged
O019785,2024-08-02,Quality Issue
O019792,2024-06-26,Damaged
O019825,2023-03-25,Late Delivery
O019837,2024-07-09,Quality Issue
O019838,2025-02-14,Late Delivery
O019856,2024-05-10,Customer Changed Mind
O019866,2024-01-28,Quality Issue
O019871,2025-02-06,Quality Issue
O019877,2023-04-09,Late Delivery
O019911,2023-07-07,Late Delivery
O019917,2025-08-21,Wrong Product
O019950,2023-06-21,Wrong Product
O019964,2023-07-05,Quality Issue
O019969,2026-01-02,Quality Issue
O019976,2024-08-19,Quality Issue
O019985,2025-01-04,Quality Issue
O019986,2023-06-13,Quality Issue
O019996,2024-02-03,Late Delivery
O020003,2024-06-16,Late Delivery
O020006,2025-06-13,Late Delivery
O020011,2024-08-20,Quality Issue
O020015,2025-08-03,Quality Issue
O020016,2024-07-11,Wrong Product
O020030,2025-06-09,Late Delivery
O020035,2024-09-09,Quality Issue
O020052,2025-03-05,Damaged
O020076,2025-03-19,Damaged
O020079,2024-07-06,Quality Issue
O020086,2024-12-27,Late Delivery
O020093,2025-10-17,Wrong Product
O020105,2025-12-25,Customer Changed Mind
O020107,2025-09-23,Quality Issue
O020115,2023-09-17,Damaged
O020144,2023-12-14,Customer Changed Mind
O020145,2024-09-19,Customer Changed Mind
O020152,2025-03-18,Quality Issue
O020156,2024-10-18,Late Delivery
O020182,2023-11-25,Wrong Product
O020195,2024-10-20,Quality Issue
O020203,2025-11-20,Damaged
O020207,2025-11-29,Customer Changed Mind
O020209,2025-10-02,Wrong Product
O020211,2023-01-12,Wrong Product
O020224,2025-12-11,Damaged
O020234,2024-10-24,Customer Changed Mind
O020255,2024-04-08,Wrong Product
O020267,2023-07-09,Wrong Product
O020268,2024-01-10,Quality Issue
O020284,2025-02-20,Customer Changed Mind
O020307,2025-05-05,Late Delivery
O020335,2024-06-03,Customer Changed Mind
O020339,2024-12-22,Late Delivery
O020362,2025-09-28,Quality Issue
O020367,2025-10-11,Customer Changed Mind
O020377,2025-03-26,Late Delivery
O020407,2025-04-04,Quality Issue
O020416,2025-12-03,Late Delivery
O020431,2023-01-19,Quality Issue
O020447,2025-11-17,Quality Issue
O020460,2023-02-03,Damaged
O020506,2024-08-17,Damaged
O020511,2024-01-30,Customer Changed Mind
O020558,2025-09-23,Quality Issue
O020567,2025-04-11,Damaged
O020583,2023-06-24,Quality Issue
O020602,2025-04-18,Customer Changed Mind
O020637,2024-01-12,Quality Issue
O020645,2023-04-23,Wrong Product
O020666,2025-03-06,Wrong Product
O020672,2023-03-09,Damaged
O020680,2024-01-26,Damaged
O020683,2024-12-31,Damaged
O020704,2023-05-17,Customer Changed Mind
O020719,2025-10-10,Late Delivery
O020758,2025-10-23,Customer Changed Mind
O020762,2023-08-12,Damaged
O020782,2024-05-06,Damaged
O020790,2024-04-19,Quality Issue
O020796,2023-08-05,Damaged
O020809,2024-08-06,Damaged
O020812,2023-12-18,Wrong Product
O020816,2025-06-24,Damaged
O020821,2023-01-31,Wrong Product
O020828,2024-03-27,Customer Changed Mind
O020847,2026-01-01,Quality Issue
O020868,2025-02-04,Late Delivery
O020897,2025-06-25,Damaged
O020901,2024-04-21,Late Delivery
O020910,2024-12-05,Damaged
O020929,2023-12-30,Customer Changed Mind
O020930,2024-01-22,Quality Issue
O020941,2024-10-08,Quality Issue
O020943,2024-07-14,Damaged
O020967,2024-12-06,Late Delivery
O020979,2024-12-21,Late Delivery
O020981,2023-04-29,Wrong Product
O020996,2024-09-11,Late Delivery
O021000,2024-05-20,Damaged
O021014,2025-10-17,Damaged
O021031,2023-06-26,Late Delivery
O021049,2025-10-30,Customer Changed Mind
O021090,2023-09-15,Customer Changed Mind
O021101,2023-10-01,Late Delivery
O021115,2023-07-19,Damaged
O021116,2024-08-17,Wrong Product
O021142,2024-05-31,Wrong Product
O021181,2025-05-17,Wrong Product
O021256,2023-10-19,Wrong Product
O021281,2023-10-03,Late Delivery
O021289,2023-10-18,Wrong Product
O021295,2025-07-16,Damaged
O021306,2024-12-29,Quality Issue
O021308,2025-08-24,Customer Changed Mind
O021345,2024-03-22,Late Delivery
O021359,2024-04-12,Quality Issue
O021379,2025-02-19,Wrong Product
O021410,2024-07-31,Quality Issue
O021411,2024-05-11,Customer Changed Mind
O021441,2023-05-18,Customer Changed Mind
O021444,2024-12-27,Late Delivery
O021498,2025-10-11,Customer Changed Mind
O021499,2025-11-06,Damaged
O021521,2024-09-08,Damaged
O021525,2023-01-21,Quality Issue
O021533,2025-03-08,Damaged
O021547,2025-03-20,Late Delivery
O021552,2025-04-23,Wrong Product
O021561,2024-06-25,Late Delivery
O021562,2024-01-27,Customer Changed Mind
O021584,2023-06-24,Customer Changed Mind
O021585,2024-02-13,Quality Issue
O021587,2025-04-02,Customer Changed Mind
O021598,2024-01-27,Damaged
O021612,2024-02-24,Damaged
O021647,2025-10-24,Quality Issue
O021661,2023-08-03,Customer Changed Mind
O021662,2025-01-30,Quality Issue
O021669,2025-11-27,Customer Changed Mind
O021670,2023-06-26,Wrong Product
O021674,2024-05-19,Wrong Product
O021684,2023-11-13,Customer Changed Mind
O021687,2025-06-14,Quality Issue
O021705,2023-11-12,Customer Changed Mind
O021714,2025-02-06,Quality Issue
O021715,2023-09-13,Damaged
O021736,2024-12-21,Customer Changed Mind
O021740,2023-01-13,Late Delivery
O021761,2023-07-24,Wrong Product
O021775,2024-03-27,Damaged
O021780,2024-08-07,Quality Issue
O021787,2024-04-09,Damaged
O021817,2024-09-03,Quality Issue
O021852,2023-11-12,Quality Issue
O021873,2025-08-28,Damaged
O021903,2024-01-21,Wrong Product
O021925,2024-11-18,Late Delivery
O021942,2023-11-24,Quality Issue
O021948,2023-08-07,Wrong Product
O021951,2025-12-05,Quality Issue
O021959,2024-08-01,Quality Issue
O021974,2024-05-12,Quality Issue
O021975,2025-01-03,Customer Changed Mind
O021996,2025-04-14,Customer Changed Mind
O022011,2024-01-11,Late Delivery
O022024,2023-08-30,Wrong Product
O022050,2025-09-27,Damaged
O022062,2025-07-13,Quality Issue
O022103,2025-12-09,Customer Changed Mind
O022106,2025-07-15,Damaged
O022118,2025-08-20,Quality Issue
O022150,2025-11-30,Wrong Product
O022157,2025-05-26,Damaged
O022161,2025-04-28,Customer Changed Mind
O022175,2023-08-26,Late Delivery
O022224,2024-04-11,Damaged
O022240,2025-09-25,Customer Changed Mind
O022251,2023-12-06,Late Delivery
O022265,2024-03-19,Quality Issue
O022278,2024-09-07,Damaged
O022300,2024-04-14,Customer Changed Mind
O022305,2025-01-17,Quality Issue
O022313,2023-06-18,Customer Changed Mind
O022318,2025-06-29,Wrong Product
O022326,2023-11-27,Customer Changed Mind
O022380,2024-12-27,Customer Changed Mind
O022401,2025-04-10,Quality Issue
O022432,2023-05-23,Customer Changed Mind
O022433,2024-10-29,Customer Changed Mind
O022447,2024-05-26,Quality Issue
O022456,2023-04-29,Late Delivery
O022462,2023-06-19,Damaged
O022471,2023-12-02,Damaged
O022477,2023-06-29,Customer Changed Mind
O022482,2023-12-06,Quality Issue
O022488,2024-03-21,Late Delivery
O022500,2023-11-07,Late Delivery
O022536,2023-07-23,Late Delivery
O022548,2024-05-02,Late Delivery
O022556,2025-05-31,Customer Changed Mind
O022577,2024-11-18,Customer Changed Mind
O022602,2023-11-22,Customer Changed Mind
O022611,2026-01-03,Wrong Product
O022615,2025-02-23,Damaged
O022616,2024-01-07,Wrong Product
O022619,2024-09-04,Quality Issue
O022625,2023-02-22,Wrong Product
O022632,2023-04-27,Quality Issue
O022641,2025-10-31,Damaged
O022653,2025-07-28,Late Delivery
O022654,2024-07-22,Damaged
O022696,2025-10-27,Customer Changed Mind
O022711,2025-10-24,Quality Issue
O022739,2023-06-17,Quality Issue
O022740,2023-06-05,Customer Changed Mind
O022741,2023-02-10,Damaged
O022747,2023-07-11,Customer Changed Mind
O022756,2025-09-14,Damaged
O022759,2025-02-04,Customer Changed Mind
O022761,2023-05-07,Quality Issue
O022785,2023-05-21,Late Delivery
O022807,2023-06-24,Quality Issue
O022818,2023-02-11,Late Delivery
O022822,2025-01-13,Wrong Product
O022833,2023-02-01,Wrong Product
O022862,2025-09-27,Damaged
O022870,2025-01-29,Customer Changed Mind
O022881,2025-09-15,Late Delivery
O022886,2023-07-07,Damaged
O022904,2023-11-27,Quality Issue
O022916,2025-09-20,Wrong Product
O022929,2024-04-21,Customer Changed Mind
O022930,2024-10-06,Customer Changed Mind
O022932,2023-11-29,Quality Issue
O022944,2023-10-25,Customer Changed Mind
O022954,2023-12-01,Wrong Product
O022955,2024-11-21,Wrong Product
O022978,2025-03-02,Quality Issue
O022993,2024-11-08,Damaged
O023002,2024-02-07,Damaged
O023023,2025-07-21,Damaged
O023049,2025-06-07,Late Delivery
O023054,2023-06-01,Damaged
O023061,2025-03-05,Damaged
O023076,2025-07-08,Damaged
O023082,2025-03-19,Customer Changed Mind
O023110,2024-02-24,Customer Changed Mind
O023113,2023-06-05,Wrong Product
O023123,2025-09-14,Wrong Product
O023126,2023-05-04,Damaged
O023139,2023-08-14,Late Delivery
O023141,2024-06-19,Quality Issue
O023192,2026-01-07,Customer Changed Mind
O023206,2024-07-02,Quality Issue
O023223,2026-01-04,Quality Issue
O023256,2025-05-13,Wrong Product
O023290,2023-09-17,Late Delivery
O023293,2025-04-06,Damaged
O023301,2025-08-26,Late Delivery
O023331,2025-11-05,Damaged
O023339,2023-11-02,Quality Issue
O023347,2024-02-28,Quality Issue
O023353,2025-07-17,Damaged
O023383,2023-09-30,Damaged
O023403,2025-11-15,Late Delivery
O023415,2025-06-20,Customer Changed Mind
O023433,2025-03-21,Quality Issue
O023436,2023-04-23,Customer Changed Mind
O023447,2025-01-29,Late Delivery
O023462,2024-08-20,Customer Changed Mind
O023471,2025-11-02,Late Delivery
O023493,2023-05-25,Wrong Product
O023513,2024-12-13,Late Delivery
O023515,2025-03-27,Quality Issue
O023517,2025-03-07,Late Delivery
O023536,2024-09-19,Customer Changed Mind
O023538,2023-10-17,Wrong Product
O023568,2023-11-18,Damaged
O023576,2025-11-29,Customer Changed Mind
O023587,2023-12-28,Customer Changed Mind
O023589,2025-04-28,Wrong Product
O023592,2023-07-12,Quality Issue
O023597,2025-12-09,Damaged
O023608,2024-07-30,Late Delivery
O023618,2023-06-14,Damaged
O023621,2024-03-16,Quality Issue
O023622,2024-01-22,Customer Changed Mind
O023626,2024-06-30,Wrong Product
O023635,2023-11-16,Quality Issue
O023645,2025-03-04,Customer Changed Mind
O023661,2024-12-13,Customer Changed Mind
O023678,2024-05-07,Quality Issue
O023694,2025-12-22,Late Delivery
O023695,2025-11-14,Late Delivery
O023697,2024-07-05,Late Delivery
O023722,2024-08-22,Customer Changed Mind
O023744,2023-06-25,Wrong Product
O023759,2025-05-31,Customer Changed Mind
O023767,2025-05-13,Damaged
O023849,2025-11-08,Late Delivery
O023850,2024-12-20,Damaged
O023854,2025-11-25,Quality Issue
O023855,2023-01-12,Damaged
O023875,2024-05-20,Wrong Product
O023876,2023-04-25,Late Delivery
O023884,2023-02-28,Quality Issue
O023903,2023-03-27,Quality Issue
O023915,2024-08-27,Late Delivery
O023952,2024-05-30,Late Delivery
O023955,2024-02-19,Wrong Product
O023978,2025-04-14,Wrong Product
O023985,2025-10-29,Wrong Product
O023986,2024-08-16,Wrong Product
O024009,2024-11-16,Late Delivery
O024031,2023-07-21,Quality Issue
O024038,2023-03-11,Wrong Product
O024044,2025-07-22,Late Delivery
O024054,2025-10-17,Late Delivery
O024062,2023-06-19,Quality Issue
O024078,2023-04-16,Customer Changed Mind
O024098,2025-10-26,Customer Changed Mind
O024106,2024-07-13,Customer Changed Mind
O024140,2025-04-11,Damaged
O024200,2023-01-12,Quality Issue
O024221,2024-04-03,Damaged
O024227,2024-05-02,Damaged
O024240,2024-06-27,Customer Changed Mind
O024249,2023-06-12,Quality Issue
O024252,2025-09-21,Customer Changed Mind
O024269,2025-02-20,Late Delivery
O024281,2023-04-13,Wrong Product
O024284,2024-03-21,Damaged
O024287,2023-09-01,Customer Changed Mind
O024302,2024-03-24,Quality Issue
O024304,2023-03-03,Customer Changed Mind
O024325,2024-03-26,Quality Issue
O024326,2023-03-14,Wrong Product
O024329,2024-05-13,Late Delivery
O024330,2024-06-07,Damaged
O024339,2025-01-12,Late Delivery
O024371,2023-09-28,Damaged
O024373,2024-06-05,Quality Issue
O024378,2024-08-01,Customer Changed Mind
O024382,2025-09-28,Quality Issue
O024386,2025-07-18,Damaged
O024403,2024-11-29,Wrong Product
O024416,2025-08-28,Quality Issue
O024421,2023-08-10,Late Delivery
O024428,2024-11-13,Wrong Product
O024430,2024-12-31,Damaged
O024440,2025-03-11,Customer Changed Mind
O024454,2025-06-29,Wrong Product
O024462,2025-03-02,Quality Issue
O024471,2023-02-22,Wrong Product
O024473,2023-04-12,Customer Changed Mind
O024508,2023-02-14,Quality Issue
O024539,2023-12-28,Customer Changed Mind
O024553,2024-12-13,Customer Changed Mind
O024581,2024-09-17,Quality Issue
O024590,2023-10-26,Wrong Product
O024594,2025-03-21,Wrong Product
O024611,2025-02-24,Customer Changed Mind
O024622,2023-12-30,Late Delivery
O024635,2024-06-09,Wrong Product
O024687,2023-05-10,Quality Issue
O024692,2023-10-22,Damaged
O024701,2025-05-30,Damaged
O024710,2025-11-12,Damaged
O024739,2025-05-27,Customer Changed Mind
O024746,2024-02-17,Late Delivery
O024794,2024-12-15,Wrong Product
O024797,2023-07-28,Late Delivery
O024800,2023-12-12,Late Delivery
O024807,2023-02-20,Damaged
O024822,2025-08-24,Late Delivery
O024846,2023-10-26,Quality Issue
O024857,2024-11-19,Damaged
O024862,2023-12-01,Damaged
O024976,2024-01-15,Late Delivery
O024987,2025-03-21,Quality Issue
O024988,2025-07-22,Wrong Product
O024995,2023-01-21,Late Delivery
O025004,2023-08-13,Customer Changed Mind
O025006,2024-03-31,Damaged
O025017,2023-02-22,Late Delivery
O025036,2025-09-24,Quality Issue
O025045,2025-09-15,Customer Changed Mind
O025066,2023-04-03,Customer Changed Mind
O025069,2023-08-24,Wrong Product
O025102,2026-01-05,Damaged
O025118,2024-09-27,Customer Changed Mind
O025139,2025-04-30,Wrong Product
O025142,2023-05-20,Customer Changed Mind
O025145,2025-05-07,Customer Changed Mind
O025146,2024-04-02,Damaged
O025161,2023-07-08,Late Delivery
O025162,2024-03-10,Customer Changed Mind
O025169,2023-03-19,Customer Changed Mind
O025181,2023-04-23,Quality Issue
O025186,2025-04-15,Wrong Product
O025191,2023-04-26,Damaged
O025207,2023-09-05,Late Delivery
O025213,2025-06-20,Quality Issue
O025262,2025-05-22,Wrong Product
O025267,2024-05-07,Customer Changed Mind
O025295,2023-11-08,Customer Changed Mind
O025303,2025-12-17,Late Delivery
O025306,2023-03-26,Quality Issue
O025325,2023-04-18,Customer Changed Mind
O025347,2025-07-05,Damaged
O025365,2025-04-30,Damaged
O025379,2023-04-29,Customer Changed Mind
O025384,2024-09-13,Late Delivery
O025433,2025-01-06,Customer Changed Mind
O025435,2024-10-17,Late Delivery
O025436,2024-02-08,Late Delivery
O025443,2023-08-26,Damaged
O025445,2025-07-29,Late Delivery
O025493,2025-09-03,Quality Issue
O025506,2023-08-15,Quality Issue
O025525,2024-09-27,Late Delivery
O025533,2024-11-25,Wrong Product
O025547,2025-07-04,Wrong Product
O025571,2024-11-08,Wrong Product
O025574,2023-02-16,Quality Issue
O025578,2023-09-29,Customer Changed Mind
O025579,2024-03-14,Damaged
O025594,2025-10-26,Customer Changed Mind
O025631,2023-07-24,Quality Issue
O025632,2025-06-26,Late Delivery
O025635,2024-04-08,Wrong Product
O025636,2024-03-15,Damaged
O025641,2025-05-23,Damaged
O025645,2024-09-16,Customer Changed Mind
O025658,2024-11-25,Quality Issue
O025663,2024-05-14,Late Delivery
O025682,2025-10-20,Customer Changed Mind
O025695,2023-06-22,Damaged
O025715,2025-01-10,Customer Changed Mind
O025720,2025-02-12,Customer Changed Mind
O025753,2023-09-02,Quality Issue
O025771,2023-04-15,Late Delivery
O025803,2025-01-16,Late Delivery
O025819,2024-12-14,Late Delivery
O025842,2024-06-03,Wrong Product
O025845,2023-02-25,Damaged
O025878,2025-06-10,Wrong Product
O025880,2025-09-06,Quality Issue
O025938,2025-06-13,Wrong Product
O025959,2023-04-13,Damaged
O025969,2023-05-07,Late Delivery
O025977,2023-05-21,Customer Changed Mind
O025979,2023-08-14,Wrong Product
O025980,2024-10-15,Late Delivery
O025987,2025-01-17,Customer Changed Mind
O025988,2024-08-07,Wrong Product
O026001,2024-02-11,Damaged
O026015,2023-04-20,Late Delivery
O026030,2025-07-02,Wrong Product
O026034,2025-12-06,Customer Changed Mind
O026057,2023-08-24,Late Delivery
O026091,2023-12-10,Damaged
O026116,2023-05-10,Late Delivery
O026118,2024-07-08,Quality Issue
O026149,2023-09-15,Quality Issue
O026156,2024-12-27,Customer Changed Mind
O026165,2023-09-07,Late Delivery
O026168,2023-04-21,Customer Changed Mind
O026175,2023-11-04,Late Delivery
O026199,2025-02-27,Damaged
O026218,2024-05-13,Wrong Product
O026250,2023-05-05,Customer Changed Mind
O026259,2025-10-31,Quality Issue
O026267,2024-01-25,Wrong Product
O026276,2023-12-26,Damaged
O026280,2023-06-08,Wrong Product
O026286,2025-04-07,Quality Issue
O026289,2025-05-05,Wrong Product
O026313,2023-05-30,Customer Changed Mind
O026317,2023-09-05,Customer Changed Mind
O026340,2023-02-21,Damaged
O026343,2023-05-22,Customer Changed Mind
O026369,2025-03-06,Quality Issue
O026385,2023-07-19,Wrong Product
O026387,2025-05-31,Damaged
O026400,2025-08-26,Customer Changed Mind
O026442,2025-09-20,Quality Issue
O026471,2024-01-30,Damaged
O026473,2025-04-07,Damaged
O026525,2024-07-23,Damaged
O026532,2023-03-13,Wrong Product
O026586,2025-08-07,Customer Changed Mind
O026587,2024-04-22,Late Delivery
O026592,2025-11-03,Wrong Product
O026598,2024-12-19,Damaged
O026607,2025-04-07,Damaged
O026613,2023-08-23,Late Delivery
O026625,2023-02-19,Quality Issue
O026660,2024-04-05,Damaged
O026661,2024-01-17,Late Delivery
O026663,2023-01-16,Customer Changed Mind
O026673,2024-10-30,Damaged
O026674,2024-09-13,Customer Changed Mind
O026678,2023-08-23,Damaged
O026681,2025-08-08,Customer Changed Mind
O026682,2025-06-29,Wrong Product
O026686,2024-01-12,Wrong Product
O026688,2024-08-18,Damaged
O026692,2025-08-26,Damaged
O026698,2023-05-25,Wrong Product
O026714,2025-09-27,Damaged
O026721,2024-11-30,Late Delivery
O026747,2023-11-08,Damaged
O026750,2025-07-02,Customer Changed Mind
O026754,2023-09-21,Wrong Product
O026755,2025-12-08,Damaged
O026766,2024-11-13,Quality Issue
O026773,2024-11-13,Wrong Product
O026778,2023-12-31,Wrong Product
O026787,2023-04-30,Late Delivery
O026811,2025-07-04,Customer Changed Mind
O026812,2023-02-19,Quality Issue
O026815,2025-01-09,Late Delivery
O026822,2025-11-03,Customer Changed Mind
O026826,2023-11-08,Quality Issue
O026865,2023-04-01,Wrong Product
O026866,2024-12-13,Customer Changed Mind
O026868,2024-02-13,Late Delivery
O026893,2025-02-28,Quality Issue
O026916,2024-12-08,Wrong Product
O026938,2023-09-29,Customer Changed Mind
O026944,2023-07-02,Late Delivery
O026953,2024-06-23,Wrong Product
O026955,2025-05-15,Quality Issue
O026967,2025-01-23,Quality Issue
O026980,2023-10-19,Customer Changed Mind
O026993,2023-03-06,Damaged
O027001,2024-01-04,Customer Changed Mind
O027005,2023-04-14,Quality Issue
O027017,2025-04-28,Damaged
O027023,2024-10-28,Customer Changed Mind
O027040,2025-05-25,Customer Changed Mind
O027060,2023-01-09,Wrong Product
O027075,2025-11-01,Damaged
O027080,2023-07-19,Damaged
O027092,2023-05-23,Damaged
O027123,2025-01-01,Wrong Product
O027136,2023-09-23,Customer Changed Mind
O027139,2024-04-17,Damaged
O027147,2024-11-11,Wrong Product
O027153,2025-11-13,Late Delivery
O027155,2023-05-04,Wrong Product
O027166,2023-06-09,Customer Changed Mind
O027171,2023-08-02,Customer Changed Mind
O027173,2023-03-07,Quality Issue
O027193,2024-02-29,Customer Changed Mind
O027207,2023-03-09,Damaged
O027233,2024-03-04,Wrong Product
O027235,2023-07-11,Wrong Product
O027269,2023-01-20,Damaged
O027293,2023-11-11,Late Delivery
O027295,2023-05-29,Wrong Product
O027309,2024-09-12,Late Delivery
O027327,2024-11-21,Customer Changed Mind
O027331,2025-08-23,Wrong Product
O027332,2024-01-10,Damaged
O027335,2025-12-21,Late Delivery
O027345,2023-10-20,Quality Issue
O027389,2025-05-17,Damaged
O027414,2024-02-03,Customer Changed Mind
O027432,2025-04-30,Customer Changed Mind
O027444,2023-05-11,Damaged
O027445,2023-10-15,Customer Changed Mind
O027453,2024-08-01,Customer Changed Mind
O027464,2023-08-23,Quality Issue
O027483,2025-02-28,Wrong Product
O027484,2024-10-27,Quality Issue
O027499,2023-08-07,Customer Changed Mind
O027525,2025-01-05,Quality Issue
O027546,2025-10-29,Wrong Product
O027586,2024-02-01,Damaged
O027595,2025-09-19,Customer Changed Mind
O027620,2024-05-24,Wrong Product
O027634,2025-02-27,Late Delivery
O027649,2025-08-13,Quality Issue
O027651,2023-09-03,Damaged
O027661,2023-08-13,Wrong Product
O027664,2025-07-31,Wrong Product
O027677,2023-09-16,Customer Changed Mind
O027709,2024-11-09,Late Delivery
O027732,2023-02-11,Late Delivery
O027739,2025-03-25,Quality Issue
O027740,2024-06-14,Quality Issue
O027763,2025-05-11,Late Delivery
O027768,2023-12-29,Wrong Product
O027797,2025-03-25,Late Delivery
O027806,2025-05-21,Wrong Product
O027823,2025-06-27,Wrong Product
O027824,2024-09-04,Wrong Product
O027859,2025-09-02,Quality Issue
O027863,2023-01-30,Customer Changed Mind
O027872,2024-09-04,Quality Issue
O027876,2025-10-12,Late Delivery
O027899,2025-09-11,Quality Issue
O027912,2025-12-15,Damaged
O027914,2023-03-30,Damaged
O027917,2025-12-21,Late Delivery
O027923,2024-12-28,Damaged
O027926,2024-03-17,Customer Changed Mind
O027942,2025-06-15,Damaged
O027971,2025-12-04,Wrong Product
O027974,2025-11-19,Quality Issue
O027988,2023-07-02,Quality Issue
O028012,2023-03-18,Damaged
O028028,2023-05-04,Customer Changed Mind
O028034,2023-05-05,Damaged
O028039,2024-11-10,Customer Changed Mind
O028051,2025-09-12,Quality Issue
O028057,2024-08-10,Late Delivery
O028076,2023-04-11,Late Delivery
O028090,2023-09-21,Damaged
O028097,2023-08-14,Customer Changed Mind
O028103,2024-05-25,Customer Changed Mind
O028132,2024-01-21,Wrong Product
O028157,2025-07-19,Wrong Product
O028159,2025-09-30,Wrong Product
O028161,2024-06-14,Damaged
O028172,2025-08-06,Damaged
O028177,2025-09-20,Quality Issue
O028204,2024-07-12,Wrong Product
O028209,2024-06-12,Wrong Product
O028236,2023-12-04,Quality Issue
O028250,2024-01-31,Customer Changed Mind
O028252,2026-01-05,Customer Changed Mind
O028273,2023-05-20,Wrong Product
O028300,2025-07-10,Late Delivery
O028304,2024-11-11,Customer Changed Mind
O028305,2023-12-25,Late Delivery
O028319,2025-05-16,Wrong Product
O028324,2025-05-31,Damaged
O028355,2024-02-28,Quality Issue
O028356,2024-05-11,Damaged
O028365,2023-05-04,Customer Changed Mind
O028389,2023-11-12,Damaged
O028421,2025-06-12,Customer Changed Mind
O028440,2025-10-19,Late Delivery
O028443,2025-09-14,Late Delivery
O028453,2024-03-18,Wrong Product
O028471,2024-06-16,Wrong Product
O028473,2023-09-01,Quality Issue
O028484,2023-09-23,Quality Issue
O028486,2024-06-25,Damaged
O028501,2023-03-22,Quality Issue
O028505,2025-12-10,Late Delivery
O028519,2025-03-10,Customer Changed Mind
O028521,2025-02-21,Late Delivery
O028529,2023-02-28,Late Delivery
O028540,2024-02-06,Quality Issue
O028568,2024-10-28,Customer Changed Mind
O028574,2024-06-09,Customer Changed Mind
O028584,2025-08-20,Late Delivery
O028590,2024-10-22,Quality Issue
O028652,2024-02-22,Wrong Product
O028661,2024-07-04,Quality Issue
O028662,2023-05-05,Customer Changed Mind
O028674,2025-12-28,Quality Issue
O028678,2025-02-10,Damaged
O028694,2023-11-12,Wrong Product
O028713,2024-07-05,Quality Issue
O028717,2025-11-23,Wrong Product
O028725,2024-07-29,Customer Changed Mind
O028778,2024-05-19,Quality Issue
O028779,2023-04-03,Customer Changed Mind
O028830,2026-01-02,Late Delivery
O028840,2023-11-13,Wrong Product
O028845,2024-03-08,Damaged
O028861,2025-09-12,Customer Changed Mind
O028889,2023-10-10,Late Delivery
O028922,2024-08-12,Wrong Product
O028928,2023-10-01,Late Delivery
O028941,2023-01-18,Late Delivery
O028974,2023-06-17,Customer Changed Mind
O028980,2025-09-26,Late Delivery
O028992,2024-08-03,Damaged
O029002,2023-03-07,Late Delivery
O029007,2024-12-26,Wrong Product
O029014,2024-07-04,Customer Changed Mind
O029046,2024-07-14,Quality Issue
O029064,2025-10-21,Customer Changed Mind
O029067,2023-07-12,Damaged
O029071,2023-05-05,Wrong Product
O029075,2024-03-24,Customer Changed Mind
O029079,2024-08-22,Wrong Product
O029081,2023-03-05,Customer Changed Mind
O029085,2025-05-25,Customer Changed Mind
O029096,2023-09-20,Wrong Product
O029111,2024-10-02,Late Delivery
O029116,2025-01-07,Damaged
O029117,2025-11-09,Quality Issue
O029152,2025-12-30,Late Delivery
O029154,2023-10-27,Customer Changed Mind
O029158,2025-10-09,Wrong Product
O029159,2024-01-09,Wrong Product
O029178,2024-07-21,Customer Changed Mind
O029186,2024-01-11,Damaged
O029212,2024-08-29,Damaged
O029214,2023-12-28,Damaged
O029230,2025-02-17,Quality Issue
O029231,2023-10-31,Quality Issue
O029241,2024-01-10,Damaged
O029243,2024-08-18,Late Delivery
O029278,2024-02-25,Wrong Product
O029284,2024-04-11,Quality Issue
O029301,2023-12-19,Wrong Product
O029324,2023-01-09,Quality Issue
O029331,2025-04-10,Wrong Product
O029340,2023-09-30,Damaged
O029354,2024-02-23,Damaged
O029359,2023-12-25,Quality Issue
O029368,2023-07-29,Quality Issue
O029381,2023-08-09,Customer Changed Mind
O029382,2023-04-07,Customer Changed Mind
O029395,2023-11-26,Wrong Product
O029398,2025-08-25,Wrong Product
O029403,2024-11-15,Wrong Product
O029405,2025-07-08,Late Delivery
O029414,2024-08-06,Late Delivery
O029420,2024-04-05,Late Delivery
O029454,2025-05-15,Customer Changed Mind
O029457,2024-05-20,Customer Changed Mind
O029465,2025-02-08,Customer Changed Mind
O029479,2023-11-06,Damaged
O029497,2025-12-20,Damaged
O029522,2024-04-10,Late Delivery
O029532,2025-03-06,Wrong Product
O029537,2025-06-05,Quality Issue
O029538,2024-02-03,Customer Changed Mind
O029560,2023-05-24,Quality Issue
O029572,2024-07-15,Damaged
O029575,2025-12-09,Customer Changed Mind
O029596,2025-10-02,Wrong Product
O029601,2023-03-26,Damaged
O029606,2024-07-30,Damaged
O029612,2025-01-27,Damaged
O029647,2025-10-14,Wrong Product
O029649,2024-12-27,Late Delivery
O029669,2025-07-06,Damaged
O029680,2024-10-19,Late Delivery
O029684,2024-05-30,Quality Issue
O029687,2024-07-23,Late Delivery
O029699,2024-11-28,Quality Issue
O029717,2025-02-04,Wrong Product
O029772,2025-10-16,Quality Issue
O029779,2023-03-31,Customer Changed Mind
O029783,2023-06-25,Quality Issue
O029791,2023-04-11,Damaged
O029801,2024-07-17,Late Delivery
O029820,2024-03-23,Late Delivery
O029829,2024-03-19,Wrong Product
O029840,2023-10-22,Quality Issue
O029872,2023-07-24,Wrong Product
O029874,2023-02-27,Customer Changed Mind
O029914,2024-02-11,Damaged
O029935,2023-02-06,Damaged
O029938,2024-04-14,Quality Issue
O029986,2025-08-05,Wrong Product
O030023,2023-05-07,Quality Issue
O030027,2024-09-05,Damaged
O030033,2023-03-15,Customer Changed Mind
O030034,2023-10-29,Wrong Product
O030035,2023-05-31,Customer Changed Mind
O030040,2024-08-29,Customer Changed Mind
O030046,2024-01-08,Damaged
O030055,2023-06-23,Late Delivery
O030057,2024-09-20,Wrong Product
O030058,2023-10-15,Quality Issue
O030087,2026-01-01,Quality Issue
O030104,2024-08-15,Late Delivery
O030120,2025-11-23,Late Delivery
O030159,2024-01-26,Late Delivery
O030169,2023-01-10,Wrong Product
O030180,2023-02-10,Customer Changed Mind
O030190,2024-10-09,Late Delivery
O030220,2025-11-07,Customer Changed Mind
O030248,2024-06-02,Late Delivery
O030261,2024-11-13,Wrong Product
O030264,2025-07-05,Late Delivery
O030278,2023-04-30,Customer Changed Mind
O030284,2024-09-14,Wrong Product
O030299,2023-10-05,Damaged
O030302,2024-04-12,Damaged
O030327,2024-12-27,Quality Issue
O030328,2025-06-01,Quality Issue
O030342,2023-08-21,Wrong Product
O030357,2025-03-25,Quality Issue
O030358,2025-11-25,Late Delivery
O030363,2023-03-25,Late Delivery
O030365,2024-07-21,Late Delivery
O030390,2023-01-16,Quality Issue
O030394,2025-03-17,Quality Issue
O030409,2024-09-25,Customer Changed Mind
O030429,2025-11-03,Quality Issue
O030435,2024-02-06,Wrong Product
O030436,2025-03-27,Wrong Product
O030448,2023-11-21,Damaged
O030477,2024-03-06,Customer Changed Mind
O030528,2025-06-27,Customer Changed Mind
O030533,2024-11-20,Customer Changed Mind
O030547,2026-01-06,Quality Issue
O030567,2024-01-11,Wrong Product
O030576,2025-12-25,Damaged
O030584,2025-09-06,Quality Issue
O030654,2023-03-02,Wrong Product
O030677,2023-03-07,Damaged
O030681,2023-04-21,Damaged
O030683,2025-07-24,Quality Issue
O030686,2024-05-14,Wrong Product
O030710,2025-11-29,Quality Issue
O030718,2024-05-02,Customer Changed Mind
O030724,2025-06-15,Late Delivery
O030734,2023-06-17,Quality Issue
O030769,2024-01-31,Late Delivery
O030776,2023-02-02,Customer Changed Mind
O030777,2025-05-06,Damaged
O030780,2024-01-16,Late Delivery
O030801,2025-12-09,Wrong Product
O030833,2025-12-23,Damaged
O030854,2023-08-18,Quality Issue
O030860,2024-12-13,Customer Changed Mind
O030885,2024-03-27,Quality Issue
O030900,2024-03-21,Wrong Product
O030906,2024-06-16,Wrong Product
O030921,2024-12-23,Late Delivery
O030946,2025-02-06,Wrong Product
O030954,2023-08-05,Quality Issue
O030979,2025-07-08,Damaged
O030980,2024-11-22,Customer Changed Mind
O030987,2026-01-02,Customer Changed Mind
O030992,2023-05-13,Late Delivery
O030997,2025-08-10,Quality Issue
O031003,2024-04-23,Quality Issue
O031031,2024-05-03,Late Delivery
O031033,2024-07-10,Damaged
O031038,2023-03-17,Customer Changed Mind
O031041,2024-07-27,Customer Changed Mind
O031056,2023-08-09,Late Delivery
O031069,2025-10-14,Quality Issue
O031082,2025-03-02,Quality Issue
O031087,2023-11-20,Damaged
O031095,2025-02-21,Customer Changed Mind
O031097,2025-09-03,Quality Issue
O031101,2023-01-20,Damaged
O031113,2025-01-25,Late Delivery
O031134,2024-07-17,Wrong Product
O031140,2025-09-21,Quality Issue
O031153,2025-07-28,Damaged
O031162,2023-05-01,Quality Issue
O031192,2024-03-07,Late Delivery
O031203,2025-12-30,Wrong Product
O031206,2023-01-03,Customer Changed Mind
O031223,2024-07-04,Late Delivery
O031226,2025-10-11,Late Delivery
O031227,2024-04-13,Wrong Product
O031233,2024-11-25,Customer Changed Mind
O031236,2023-08-01,Wrong Product
O031276,2024-09-03,Late Delivery
O031282,2023-09-15,Wrong Product
O031328,2024-03-18,Wrong Product
O031337,2025-12-22,Late Delivery
O031340,2025-10-18,Damaged
O031341,2025-10-13,Customer Changed Mind
O031345,2024-12-17,Wrong Product
O031358,2025-07-23,Quality Issue
O031369,2024-12-12,Damaged
O031402,2023-03-21,Customer Changed Mind
O031412,2024-03-27,Damaged
O031416,2023-11-16,Customer Changed Mind
O031423,2025-01-16,Customer Changed Mind
O031426,2023-01-19,Wrong Product
O031429,2024-10-17,Wrong Product
O031436,2025-04-03,Customer Changed Mind
O031438,2025-02-03,Quality Issue
O031444,2024-05-22,Damaged
O031475,2024-07-17,Wrong Product
O031506,2024-11-15,Quality Issue
O031512,2025-08-02,Quality Issue
O031513,2025-10-26,Quality Issue
O031535,2025-12-23,Customer Changed Mind
O031541,2025-11-28,Damaged
O031590,2024-10-19,Customer Changed Mind
O031616,2025-03-03,Wrong Product
O031621,2024-07-12,Quality Issue
O031684,2025-12-12,Customer Changed Mind
O031695,2024-03-27,Late Delivery
O031745,2024-12-01,Wrong Product
O031754,2023-09-18,Customer Changed Mind
O031759,2023-05-03,Late Delivery
O031768,2023-06-30,Late Delivery
O031773,2025-07-13,Customer Changed Mind
O031777,2025-06-29,Customer Changed Mind
O031790,2025-12-09,Customer Changed Mind
O031798,2024-09-11,Late Delivery
O031802,2024-11-03,Wrong Product
O031809,2025-01-07,Quality Issue
O031822,2024-10-17,Quality Issue
O031855,2023-02-02,Wrong Product
O031859,2023-03-03,Customer Changed Mind
O031883,2023-08-23,Customer Changed Mind
O031894,2023-09-08,Damaged
O031897,2025-02-08,Customer Changed Mind
O031909,2024-02-19,Customer Changed Mind
O031915,2025-01-21,Damaged
O031922,2024-03-24,Quality Issue
O031935,2023-10-24,Customer Changed Mind
O031940,2024-02-06,Quality Issue
O031971,2024-01-23,Wrong Product
O031987,2025-04-01,Damaged
O031991,2023-11-02,Late Delivery
O031993,2024-04-05,Late Delivery
O032042,2023-10-19,Customer Changed Mind
O032049,2023-12-08,Late Delivery
O032054,2024-02-18,Wrong Product
O032078,2024-05-25,Damaged
O032137,2023-06-05,Damaged
O032151,2023-12-10,Quality Issue
O032168,2023-10-16,Damaged
O032189,2024-02-22,Customer Changed Mind
O032204,2024-10-03,Customer Changed Mind
O032209,2023-10-30,Wrong Product
O032211,2025-02-02,Wrong Product
O032216,2023-07-10,Damaged
O032218,2023-11-15,Late Delivery
O032221,2025-01-25,Customer Changed Mind
O032223,2024-02-27,Quality Issue
O032229,2025-11-02,Quality Issue
O032233,2024-07-26,Wrong Product
O032243,2024-10-21,Customer Changed Mind
O032251,2025-10-02,Customer Changed Mind
O032255,2023-07-02,Customer Changed Mind
O032262,2025-05-27,Customer Changed Mind
O032265,2025-06-30,Damaged
O032268,2023-08-05,Quality Issue
O032270,2025-11-26,Customer Changed Mind
O032307,2024-06-27,Quality Issue
O032348,2023-01-14,Quality Issue
O032371,2024-12-06,Wrong Product
O032389,2025-04-16,Quality Issue
O032402,2024-08-21,Late Delivery
O032409,2025-03-02,Quality Issue
O032425,2024-08-27,Damaged
O032430,2023-11-26,Quality Issue
O032442,2024-08-27,Quality Issue
O032443,2025-08-13,Wrong Product
O032465,2025-06-30,Quality Issue
O032467,2024-12-15,Damaged
O032473,2023-12-22,Late Delivery
O032488,2024-10-28,Quality Issue
O032504,2023-06-27,Wrong Product
O032506,2025-06-19,Late Delivery
O032509,2024-11-22,Customer Changed Mind
O032534,2024-03-20,Wrong Product
O032542,2026-01-08,Wrong Product
O032560,2025-10-28,Damaged
O032568,2023-01-27,Damaged
O032596,2025-08-17,Late Delivery
O032606,2025-05-05,Damaged
O032612,2025-12-01,Quality Issue
O032615,2025-06-21,Quality Issue
O032626,2023-05-17,Late Delivery
O032652,2023-03-14,Quality Issue
O032654,2025-04-10,Damaged
O032681,2025-07-02,Damaged
O032710,2025-07-25,Damaged
O032728,2023-03-30,Wrong Product
O032757,2023-11-12,Wrong Product
O032764,2024-07-18,Quality Issue
O032773,2024-02-15,Customer Changed Mind
O032779,2025-02-03,Damaged
O032788,2023-05-27,Damaged
O032795,2025-06-07,Customer Changed Mind
O032819,2025-05-26,Customer Changed Mind
O032822,2025-04-15,Damaged
O032835,2025-01-07,Customer Changed Mind
O032839,2023-05-15,Customer Changed Mind
O032862,2023-10-27,Late Delivery
O032884,2025-10-18,Wrong Product
O032888,2023-12-26,Wrong Product
O032900,2024-05-31,Customer Changed Mind
O032922,2025-10-25,Wrong Product
O032929,2023-06-17,Customer Changed Mind
O032940,2024-09-07,Quality Issue
O032971,2024-02-05,Customer Changed Mind
O032972,2023-09-05,Quality Issue
O032998,2025-01-27,Quality Issue
O033059,2024-04-07,Customer Changed Mind
O033081,2024-12-17,Quality Issue
O033082,2024-07-12,Quality Issue
O033098,2023-10-13,Wrong Product
O033121,2025-03-12,Customer Changed Mind
O033127,2024-08-20,Wrong Product
O033136,2023-04-16,Customer Changed Mind
O033140,2023-09-24,Late Delivery
O033201,2025-12-22,Wrong Product
O033202,2023-02-28,Damaged
O033217,2025-10-26,Late Delivery
O033226,2024-02-04,Customer Changed Mind
O033229,2025-10-23,Customer Changed Mind
O033249,2023-05-17,Quality Issue
O033251,2025-08-19,Damaged
O033260,2023-12-30,Quality Issue
O033269,2025-01-30,Damaged
O033271,2023-09-04,Damaged
O033276,2023-01-20,Wrong Product
O033337,2024-04-07,Customer Changed Mind
O033339,2024-09-27,Late Delivery
O033349,2023-03-26,Late Delivery
O033372,2023-04-21,Wrong Product
O033382,2025-07-26,Late Delivery
O033394,2025-05-11,Wrong Product
O033399,2025-01-18,Quality Issue
O033434,2024-09-30,Damaged
O033441,2025-02-25,Quality Issue
O033447,2024-12-23,Customer Changed Mind
O033461,2025-02-28,Damaged
O033510,2025-07-11,Wrong Product
O033513,2025-09-07,Damaged
O033531,2025-03-15,Wrong Product
O033535,2024-02-18,Wrong Product
O033554,2025-08-13,Customer Changed Mind
O033555,2024-04-30,Late Delivery
O033583,2024-12-23,Customer Changed Mind
O033596,2024-06-04,Damaged
O033599,2024-02-04,Damaged
O033604,2024-07-03,Late Delivery
O033656,2023-09-13,Wrong Product
O033671,2025-07-29,Quality Issue
O033674,2023-04-22,Wrong Product
O033675,2023-06-24,Wrong Product
O033678,2023-06-06,Wrong Product
O033680,2024-12-16,Damaged
O033690,2024-08-25,Late Delivery
O033691,2025-05-23,Wrong Product
O033695,2024-07-01,Quality Issue
O033708,2023-04-29,Customer Changed Mind
O033725,2025-09-13,Damaged
O033729,2025-02-17,Late Delivery
O033739,2024-09-15,Wrong Product
O033745,2025-09-01,Late Delivery
O033746,2023-11-12,Customer Changed Mind
O033771,2024-11-09,Wrong Product
O033773,2025-04-02,Damaged
O033775,2024-02-17,Late Delivery
O033789,2023-01-16,Quality Issue
O033811,2025-02-14,Damaged
O033827,2024-10-04,Quality Issue
O033834,2024-11-10,Customer Changed Mind
O033842,2025-07-11,Damaged
O033847,2023-02-13,Wrong Product
O033857,2025-02-21,Late Delivery
O033862,2024-10-13,Damaged
O033864,2023-09-07,Wrong Product
O033869,2023-01-31,Late Delivery
O033879,2023-10-17,Late Delivery
O033896,2024-08-05,Quality Issue
O033911,2024-05-07,Quality Issue
O033922,2025-04-18,Late Delivery
O033925,2023-07-25,Customer Changed Mind
O033935,2024-10-08,Wrong Product
O033981,2025-08-10,Late Delivery
O033987,2023-12-17,Customer Changed Mind
O033990,2024-09-24,Damaged
O034007,2023-06-29,Damaged
O034015,2023-12-16,Damaged
O034022,2023-04-14,Quality Issue
O034031,2023-01-08,Quality Issue
O034035,2026-01-07,Customer Changed Mind
O034050,2025-11-02,Damaged
O034053,2025-08-11,Damaged
O034054,2024-09-24,Damaged
O034077,2023-09-22,Quality Issue
O034095,2024-10-06,Wrong Product
O034101,2024-11-02,Wrong Product
O034120,2024-05-17,Late Delivery
O034137,2023-02-20,Damaged
O034169,2024-04-06,Damaged
O034234,2025-01-28,Damaged
O034236,2023-10-09,Late Delivery
O034257,2023-02-04,Customer Changed Mind
O034262,2025-10-08,Customer Changed Mind
O034266,2024-04-30,Quality Issue
O034326,2023-11-28,Late Delivery
O034335,2024-06-05,Damaged
O034380,2025-01-05,Quality Issue
O034389,2025-01-25,Wrong Product
O034390,2023-09-06,Quality Issue
O034398,2025-08-06,Late Delivery
O034401,2024-04-12,Wrong Product
O034408,2025-09-12,Damaged
O034416,2025-06-29,Wrong Product
O034420,2024-02-05,Quality Issue
O034435,2025-01-19,Quality Issue
O034451,2023-11-26,Damaged
O034453,2023-03-03,Wrong Product
O034462,2024-09-23,Late Delivery
O034479,2023-03-14,Customer Changed Mind
O034527,2023-05-07,Late Delivery
O034537,2023-08-28,Quality Issue
O034538,2024-01-01,Wrong Product
O034580,2024-01-08,Quality Issue
O034600,2023-01-13,Late Delivery
O034603,2024-01-15,Customer Changed Mind
O034606,2024-02-18,Wrong Product
O034613,2023-10-03,Quality Issue
O034639,2025-12-12,Late Delivery
O034643,2023-07-07,Customer Changed Mind
O034650,2023-09-26,Late Delivery
O034651,2025-08-10,Quality Issue
O034655,2025-02-08,Late Delivery
O034659,2024-05-14,Late Delivery
O034701,2024-06-16,Wrong Product
O034714,2024-11-08,Customer Changed Mind
O034719,2023-12-17,Quality Issue
O034735,2023-11-22,Quality Issue
O034744,2025-11-25,Customer Changed Mind
O034757,2024-12-03,Late Delivery
O034771,2023-01-16,Quality Issue
O034794,2024-07-29,Late Delivery
O034801,2024-11-05,Wrong Product
O034806,2024-12-01,Late Delivery
O034816,2025-12-10,Quality Issue
O034825,2023-09-21,Damaged
O034840,2024-10-25,Late Delivery
O034850,2025-05-14,Wrong Product
O034852,2025-09-18,Wrong Product
O034891,2023-10-14,Wrong Product
O034918,2024-02-05,Quality Issue
O034926,2024-06-20,Damaged
O034943,2023-10-21,Damaged
O034945,2023-04-06,Customer Changed Mind
O034953,2025-04-08,Wrong Product
O034965,2025-07-31,Late Delivery
O034968,2023-07-26,Damaged
O034977,2024-08-25,Quality Issue
O035009,2023-11-23,Quality Issue
O035011,2024-02-27,Wrong Product
O035045,2025-06-14,Customer Changed Mind
O035081,2024-03-06,Damaged
O035091,2025-04-07,Customer Changed Mind
O035095,2023-11-03,Customer Changed Mind
O035116,2023-11-06,Damaged
O035155,2023-06-10,Quality Issue
O035187,2025-12-26,Late Delivery
O035188,2024-06-28,Customer Changed Mind
O035295,2025-08-17,Customer Changed Mind
O035296,2025-01-06,Quality Issue
O035301,2025-12-14,Late Delivery
O035306,2024-07-16,Quality Issue
O035309,2025-01-13,Late Delivery
O035312,2025-10-27,Damaged
O035341,2025-01-27,Quality Issue
O035381,2023-02-25,Quality Issue
O035384,2025-05-22,Customer Changed Mind
O035439,2024-07-13,Damaged
O035482,2025-03-10,Wrong Product
O035483,2023-04-07,Wrong Product
O035486,2024-01-29,Late Delivery
O035522,2024-06-18,Customer Changed Mind
O035536,2024-01-20,Quality Issue
O035571,2023-11-18,Quality Issue
O035574,2023-02-11,Damaged
O035585,2025-01-24,Damaged
O035598,2025-09-28,Wrong Product
O035599,2024-02-11,Late Delivery
O035603,2024-04-02,Damaged
O035608,2023-08-22,Wrong Product
O035638,2025-09-18,Damaged
O035642,2023-07-23,Quality Issue
O035659,2023-01-14,Wrong Product
O035672,2025-01-04,Wrong Product
O035698,2024-03-24,Wrong Product
O035732,2023-09-20,Damaged
O035737,2023-06-04,Late Delivery
O035754,2023-03-18,Late Delivery
O035762,2023-01-27,Wrong Product
O035766,2023-08-25,Damaged
O035768,2024-10-31,Damaged
O035769,2024-03-28,Quality Issue
O035791,2024-09-28,Customer Changed Mind
O035809,2025-12-19,Quality Issue
O035829,2025-05-14,Damaged
O035831,2025-05-27,Quality Issue
O035865,2025-03-10,Customer Changed Mind
O035877,2024-06-21,Late Delivery
O035885,2023-01-10,Quality Issue
O035889,2025-04-03,Late Delivery
O035902,2023-12-16,Damaged
O035904,2025-10-01,Damaged
O035906,2023-06-19,Wrong Product
O035928,2023-08-10,Customer Changed Mind
O035940,2025-02-08,Damaged
O035963,2023-03-31,Damaged
O035968,2024-08-19,Damaged
O035973,2026-01-11,Late Delivery
O035976,2024-01-20,Quality Issue
O036007,2024-04-04,Quality Issue
O036008,2025-11-01,Quality Issue
O036031,2024-11-08,Late Delivery
O036054,2025-04-01,Wrong Product
O036068,2025-05-22,Customer Changed Mind
O036077,2025-07-23,Quality Issue
O036097,2023-02-02,Wrong Product
O036100,2024-09-13,Damaged
O036127,2023-12-01,Wrong Product
O036178,2023-08-15,Late Delivery
O036179,2024-10-28,Quality Issue
O036187,2025-10-13,Late Delivery
O036188,2025-02-12,Late Delivery
O036194,2023-11-26,Wrong Product
O036207,2025-02-07,Wrong Product
O036212,2024-03-15,Wrong Product
O036226,2023-10-07,Damaged
O036234,2024-07-27,Wrong Product
O036273,2025-07-27,Wrong Product
O036280,2025-06-06,Late Delivery
O036305,2023-03-28,Damaged
O036326,2025-12-25,Customer Changed Mind
O036327,2025-04-08,Quality Issue
O036351,2023-08-16,Customer Changed Mind
O036382,2023-01-23,Late Delivery
O036391,2024-06-28,Wrong Product
O036409,2023-06-30,Wrong Product
O036412,2024-09-24,Late Delivery
O036432,2024-07-11,Customer Changed Mind
O036434,2023-05-24,Quality Issue
O036449,2024-07-13,Damaged
O036451,2024-06-06,Damaged
O036477,2023-04-21,Wrong Product
O036495,2024-01-01,Quality Issue
O036512,2024-11-15,Quality Issue
O036514,2023-12-26,Late Delivery
O036520,2024-03-20,Quality Issue
O036539,2024-06-16,Damaged
O036550,2025-08-25,Quality Issue
O036558,2024-02-12,Late Delivery
O036559,2024-02-06,Damaged
O036579,2025-10-20,Damaged
O036582,2026-01-05,Late Delivery
O036589,2024-05-12,Late Delivery
O036611,2025-10-29,Quality Issue
O036615,2024-06-29,Quality Issue
O036644,2024-12-31,Wrong Product
O036673,2024-08-16,Wrong Product
O036692,2025-10-13,Damaged
O036716,2024-07-25,Damaged
O036719,2023-01-19,Customer Changed Mind
O036728,2024-04-24,Customer Changed Mind
O036770,2023-06-29,Wrong Product
O036781,2024-08-28,Customer Changed Mind
O036803,2025-01-27,Quality Issue
O036804,2025-05-08,Quality Issue
O036809,2024-03-27,Damaged
O036830,2025-04-28,Quality Issue
O036840,2024-05-27,Customer Changed Mind
O036846,2024-02-09,Wrong Product
O036853,2025-05-07,Customer Changed Mind
O036854,2024-06-01,Quality Issue
O036855,2023-12-12,Late Delivery
O036885,2024-11-03,Customer Changed Mind
O036918,2023-05-06,Damaged
O036923,2025-10-01,Damaged
O036924,2025-10-28,Quality Issue
O036943,2024-06-07,Damaged
O036988,2025-10-02,Quality Issue
O036996,2023-11-28,Quality Issue
O037007,2026-01-02,Wrong Product
O037011,2025-10-13,Quality Issue
O037012,2024-06-29,Customer Changed Mind
O037024,2024-06-20,Customer Changed Mind
O037027,2023-10-31,Damaged
O037036,2023-11-11,Customer Changed Mind
O037048,2025-02-05,Customer Changed Mind
O037060,2024-12-17,Quality Issue
O037074,2026-01-03,Wrong Product
O037076,2024-04-17,Quality Issue
O037096,2025-10-12,Damaged
O037115,2026-01-06,Damaged
O037116,2024-11-16,Damaged
O037117,2024-01-11,Wrong Product
O037120,2024-01-18,Wrong Product
O037123,2023-09-21,Late Delivery
O037126,2023-10-05,Late Delivery
O037134,2025-12-14,Late Delivery
O037138,2025-08-30,Quality Issue
O037151,2024-01-01,Damaged
O037166,2023-08-16,Late Delivery
O037172,2025-08-11,Quality Issue
O037178,2024-07-16,Late Delivery
O037221,2024-10-06,Quality Issue
O037223,2024-02-23,Late Delivery
O037224,2023-04-29,Customer Changed Mind
O037229,2024-05-12,Wrong Product
O037246,2024-01-27,Damaged
O037271,2025-04-13,Late Delivery
O037272,2024-02-29,Quality Issue
O037279,2025-10-05,Quality Issue
O037280,2025-02-26,Customer Changed Mind
O037285,2023-10-25,Customer Changed Mind
O037287,2025-09-20,Quality Issue
O037292,2023-02-02,Quality Issue
O037302,2025-01-08,Late Delivery
O037309,2024-10-27,Damaged
O037310,2025-10-04,Wrong Product
O037314,2023-11-24,Wrong Product
O037325,2025-12-25,Customer Changed Mind
O037341,2025-08-13,Damaged
O037347,2024-12-15,Customer Changed Mind
O037361,2023-06-16,Wrong Product
O037384,2024-12-03,Damaged
O037407,2023-12-05,Damaged
O037430,2024-05-14,Late Delivery
O037433,2025-06-04,Late Delivery
O037435,2025-04-08,Quality Issue
O037459,2024-03-29,Quality Issue
O037463,2023-07-06,Damaged
O037473,2023-07-01,Customer Changed Mind
O037486,2024-07-21,Customer Changed Mind
O037487,2024-02-03,Quality Issue
O037512,2025-10-31,Late Delivery
O037522,2024-03-09,Damaged
O037524,2023-01-25,Wrong Product
O037547,2024-01-22,Customer Changed Mind
O037553,2025-12-23,Late Delivery
O037555,2024-05-01,Late Delivery
O037559,2025-12-15,Damaged
O037563,2025-03-22,Wrong Product
O037585,2025-03-08,Late Delivery
O037602,2023-10-02,Wrong Product
O037612,2025-10-27,Wrong Product
O037630,2025-12-22,Damaged
O037643,2024-11-04,Late Delivery
O037644,2025-07-29,Wrong Product
O037702,2025-01-31,Wrong Product
O037707,2024-04-22,Late Delivery
O037758,2025-07-11,Damaged
O037774,2025-12-30,Wrong Product
O037777,2023-05-11,Quality Issue
O037781,2025-05-23,Customer Changed Mind
O037807,2025-03-13,Damaged
O037842,2023-02-11,Late Delivery
O037878,2025-04-10,Damaged
O037891,2025-12-17,Damaged
O037930,2025-09-14,Damaged
O037944,2024-08-13,Wrong Product
O037955,2024-08-24,Damaged
O037985,2024-10-23,Customer Changed Mind
O037993,2025-11-27,Customer Changed Mind
O038004,2024-01-17,Quality Issue
O038008,2023-09-30,Wrong Product
O038012,2025-05-09,Quality Issue
O038013,2024-12-06,Late Delivery
O038043,2025-11-19,Late Delivery
O038055,2023-11-13,Wrong Product
O038056,2025-12-02,Customer Changed Mind
O038088,2024-03-28,Wrong Product
O038089,2025-09-18,Wrong Product
O038092,2024-02-23,Wrong Product
O038104,2023-08-11,Customer Changed Mind
O038118,2023-07-19,Quality Issue
O038120,2024-12-04,Customer Changed Mind
O038139,2024-11-15,Customer Changed Mind
O038166,2024-08-04,Wrong Product
O038178,2025-10-31,Quality Issue
O038183,2024-07-11,Late Delivery
O038188,2025-07-12,Customer Changed Mind
O038193,2024-04-04,Late Delivery
O038194,2025-10-27,Quality Issue
O038207,2024-10-08,Quality Issue
O038222,2023-01-26,Late Delivery
O038230,2023-08-07,Late Delivery
O038234,2025-08-28,Quality Issue
O038245,2024-03-11,Quality Issue
O038253,2023-10-16,Customer Changed Mind
O038259,2024-12-05,Wrong Product
O038276,2025-02-08,Damaged
O038285,2025-10-24,Damaged
O038286,2024-11-14,Damaged
O038292,2023-08-01,Quality Issue
O038308,2025-08-18,Wrong Product
O038335,2023-04-14,Customer Changed Mind
O038343,2023-10-17,Late Delivery
O038345,2024-10-28,Customer Changed Mind
O038369,2024-10-25,Quality Issue
O038374,2025-02-17,Wrong Product
O038415,2025-09-07,Damaged
O038429,2024-04-28,Customer Changed Mind
O038456,2023-07-25,Quality Issue
O038461,2023-01-30,Late Delivery
O038463,2023-04-13,Customer Changed Mind
O038473,2024-03-16,Wrong Product
O038483,2023-05-25,Damaged
O038492,2025-12-01,Customer Changed Mind
O038498,2025-12-03,Quality Issue
O038502,2025-04-18,Late Delivery
O038509,2024-10-20,Quality Issue
O038545,2023-04-11,Quality Issue
O038559,2024-03-15,Late Delivery
O038560,2025-11-09,Quality Issue
O038595,2024-06-13,Customer Changed Mind
O038607,2023-11-09,Quality Issue
O038615,2024-01-08,Late Delivery
O038670,2024-09-16,Late Delivery
O038712,2025-03-13,Damaged
O038713,2023-08-23,Quality Issue
O038715,2024-06-23,Damaged
O038721,2023-09-13,Late Delivery
O038734,2023-12-07,Quality Issue
O038746,2023-06-22,Wrong Product
O038759,2024-07-06,Damaged
O038775,2024-04-13,Damaged
O038776,2024-04-04,Wrong Product
O038785,2023-07-31,Late Delivery
O038787,2023-10-05,Wrong Product
O038798,2025-09-23,Quality Issue
O038807,2024-06-18,Damaged
O038815,2024-07-19,Damaged
O038842,2024-04-11,Quality Issue
O038848,2025-05-25,Quality Issue
O038857,2024-04-26,Late Delivery
O038864,2023-02-04,Quality Issue
O038917,2026-01-06,Damaged
O038925,2024-04-24,Customer Changed Mind
O038936,2024-09-13,Quality Issue
O038950,2024-12-25,Customer Changed Mind
O039001,2025-05-07,Customer Changed Mind
O039010,2024-01-26,Damaged
O039026,2024-10-03,Damaged
O039037,2023-03-03,Wrong Product
O039045,2024-04-26,Customer Changed Mind
O039057,2025-03-18,Late Delivery
O039063,2025-01-15,Customer Changed Mind
O039116,2023-02-01,Wrong Product
O039135,2025-03-16,Wrong Product
O039136,2024-02-07,Wrong Product
O039161,2024-06-26,Quality Issue
O039178,2025-06-26,Late Delivery
O039183,2025-10-08,Customer Changed Mind
O039202,2024-10-29,Quality Issue
O039216,2025-07-11,Quality Issue
O039225,2024-08-18,Customer Changed Mind
O039227,2023-01-31,Wrong Product
O039238,2024-03-20,Late Delivery
O039240,2025-10-17,Wrong Product
O039241,2025-04-14,Customer Changed Mind
O039242,2024-03-20,Wrong Product
O039259,2024-08-17,Damaged
O039289,2024-10-19,Damaged
O039310,2024-05-31,Quality Issue
O039312,2023-05-29,Customer Changed Mind
O039317,2024-04-20,Quality Issue
O039322,2024-02-14,Wrong Product
O039323,2023-08-18,Wrong Product
O039332,2025-08-21,Damaged
O039367,2024-02-27,Customer Changed Mind
O039389,2025-01-13,Customer Changed Mind
O039425,2024-12-12,Late Delivery
O039435,2024-08-20,Damaged
O039444,2025-09-12,Damaged
O039446,2025-07-01,Quality Issue
O039448,2025-04-01,Customer Changed Mind
O039455,2025-10-24,Wrong Product
O039465,2025-08-01,Customer Changed Mind
O039482,2023-04-22,Late Delivery
O039489,2025-11-12,Late Delivery
O039505,2025-04-07,Damaged
O039512,2024-06-05,Quality Issue
O039513,2023-06-28,Wrong Product
O039514,2025-03-11,Late Delivery
O039526,2025-11-16,Damaged
O039534,2025-01-28,Quality Issue
O039552,2025-01-23,Quality Issue
O039560,2025-02-25,Quality Issue
O039572,2023-04-12,Damaged
O039599,2025-03-14,Customer Changed Mind
O039610,2024-11-15,Damaged
O039625,2024-06-07,Wrong Product
O039647,2023-04-24,Wrong Product
O039656,2025-07-16,Customer Changed Mind
O039669,2025-06-08,Customer Changed Mind
O039675,2025-03-19,Quality Issue
O039705,2023-11-15,Damaged
O039723,2023-02-04,Wrong Product
O039724,2025-06-07,Quality Issue
O039807,2025-01-07,Damaged
O039834,2024-01-29,Customer Changed Mind
O039835,2025-10-15,Damaged
O039851,2023-06-05,Quality Issue
O039853,2024-08-09,Damaged
O039855,2023-05-09,Quality Issue
O039863,2023-09-15,Quality Issue
O039865,2025-06-19,Wrong Product
O039885,2024-12-31,Wrong Product
O039927,2025-10-10,Wrong Product
O039945,2024-02-12,Wrong Product
O039952,2023-07-16,Customer Changed Mind
O039975,2024-01-14,Quality Issue
O039976,2025-02-03,Wrong Product
O039981,2023-05-15,Wrong Product
O039982,2023-12-29,Damaged
O039992,2025-11-03,Damaged
O040004,2023-03-06,Late Delivery
O040021,2025-05-03,Wrong Product
O040032,2023-02-23,Wrong Product
O040036,2023-05-08,Quality Issue
O040042,2025-02-02,Wrong Product
O040063,2025-07-20,Late Delivery
O040075,2025-02-09,Quality Issue
O040077,2023-06-27,Wrong Product
O040078,2024-10-01,Quality Issue
O040114,2024-02-28,Wrong Product
O040124,2025-07-14,Wrong Product
O040132,2024-12-18,Damaged
O040138,2024-01-31,Wrong Product
O040148,2024-04-13,Wrong Product
O040152,2025-11-04,Quality Issue
O040208,2025-03-09,Customer Changed Mind
O040230,2025-09-30,Wrong Product
O040251,2023-06-03,Quality Issue
O040268,2026-01-07,Wrong Product
O040269,2023-11-16,Customer Changed Mind
O040275,2025-02-13,Wrong Product
O040298,2025-01-16,Damaged
O040309,2025-06-17,Late Delivery
O040310,2025-12-14,Customer Changed Mind
O040325,2025-02-12,Customer Changed Mind
O040417,2023-07-06,Late Delivery
O040469,2023-11-19,Quality Issue
O040481,2024-08-01,Quality Issue
O040483,2025-05-03,Late Delivery
O040486,2025-07-30,Customer Changed Mind
O040506,2025-07-17,Quality Issue
O040509,2024-04-21,Quality Issue
O040520,2025-01-03,Customer Changed Mind
O040539,2025-08-13,Wrong Product
O040540,2025-08-22,Customer Changed Mind
O040544,2025-05-09,Quality Issue
O040548,2024-06-05,Late Delivery
O040582,2024-03-05,Customer Changed Mind
O040637,2024-08-05,Damaged
O040639,2025-06-16,Late Delivery
O040664,2025-03-12,Customer Changed Mind
O040665,2024-07-14,Late Delivery
O040678,2024-08-10,Customer Changed Mind
O040680,2023-10-24,Late Delivery
O040682,2025-01-10,Customer Changed Mind
O040687,2025-04-08,Late Delivery
O040720,2024-11-10,Quality Issue
O040727,2023-12-10,Quality Issue
O040729,2024-01-30,Quality Issue
O040732,2023-10-22,Wrong Product
O040737,2025-01-18,Customer Changed Mind
O040739,2024-04-12,Wrong Product
O040751,2025-10-26,Late Delivery
O040767,2024-07-03,Late Delivery
O040781,2023-08-09,Damaged
O040787,2025-10-13,Late Delivery
O040807,2024-09-28,Quality Issue
O040843,2024-03-10,Customer Changed Mind
O040847,2024-10-09,Customer Changed Mind
O040852,2024-03-01,Late Delivery
O040855,2023-11-04,Damaged
O040861,2025-10-08,Late Delivery
O040876,2024-06-04,Customer Changed Mind
O040877,2025-07-06,Wrong Product
O040881,2023-12-30,Quality Issue
O040909,2025-06-19,Late Delivery
O040912,2024-07-13,Quality Issue
O040918,2025-08-20,Customer Changed Mind
O040927,2024-02-20,Late Delivery
O040940,2023-09-19,Customer Changed Mind
O040945,2024-01-22,Customer Changed Mind
O040948,2024-02-09,Quality Issue
O040954,2025-01-13,Quality Issue
O040956,2025-04-06,Damaged
O040968,2024-09-03,Quality Issue
O040971,2025-03-18,Wrong Product
O040997,2025-08-30,Wrong Product
O041033,2024-06-09,Customer Changed Mind
O041039,2025-03-27,Wrong Product
O041082,2025-11-20,Wrong Product
O041100,2024-12-19,Quality Issue
O041126,2023-11-27,Customer Changed Mind
O041165,2024-05-19,Late Delivery
O041167,2024-01-07,Wrong Product
O041208,2025-07-16,Customer Changed Mind
O041216,2025-08-17,Quality Issue
O041219,2023-09-07,Damaged
O041256,2025-07-26,Wrong Product
O041265,2025-01-18,Late Delivery
O041276,2025-05-19,Customer Changed Mind
O041306,2024-09-21,Quality Issue
O041331,2024-03-12,Wrong Product
O041333,2023-05-01,Damaged
O041338,2024-12-13,Wrong Product
O041340,2023-12-14,Damaged
O041411,2024-11-05,Quality Issue
O041445,2024-09-01,Wrong Product
O041495,2025-07-24,Wrong Product
O041506,2024-06-27,Damaged
O041510,2023-04-09,Customer Changed Mind
O041511,2023-10-21,Wrong Product
O041556,2024-08-23,Customer Changed Mind
O041568,2025-11-09,Quality Issue
O041575,2024-02-17,Customer Changed Mind
O041591,2023-04-11,Damaged
O041595,2023-03-17,Customer Changed Mind
O041621,2023-04-25,Quality Issue
O041630,2025-11-11,Late Delivery
O041661,2024-05-09,Damaged
O041665,2025-06-30,Customer Changed Mind
O041693,2023-10-19,Damaged
O041703,2024-12-02,Wrong Product
O041725,2024-12-20,Late Delivery
O041726,2023-07-27,Late Delivery
O041743,2025-08-05,Damaged
O041757,2024-03-26,Late Delivery
O041761,2023-11-18,Late Delivery
O041765,2023-12-29,Customer Changed Mind
O041767,2023-03-23,Wrong Product
O041768,2025-05-06,Late Delivery
O041780,2023-03-30,Customer Changed Mind
O041787,2024-10-05,Damaged
O041792,2023-07-03,Damaged
O041814,2025-01-13,Wrong Product
O041819,2025-11-16,Quality Issue
O041828,2025-04-19,Late Delivery
O041852,2025-06-10,Customer Changed Mind
O041855,2024-11-30,Customer Changed Mind
O041892,2024-06-16,Damaged
O041936,2023-05-06,Customer Changed Mind
O041957,2024-01-28,Quality Issue
O041964,2024-01-17,Quality Issue
O041972,2023-03-30,Quality Issue
O041980,2023-07-20,Damaged
O041999,2025-03-07,Quality Issue
O042004,2023-03-13,Wrong Product
O042014,2023-06-04,Customer Changed Mind
O042016,2023-04-09,Wrong Product
O042023,2024-10-05,Customer Changed Mind
O042039,2025-10-12,Quality Issue
O042043,2024-08-07,Customer Changed Mind
O042065,2023-01-18,Damaged
O042067,2025-09-18,Customer Changed Mind
O042079,2023-06-05,Customer Changed Mind
O042098,2025-07-18,Customer Changed Mind
O042125,2024-08-24,Wrong Product
O042134,2026-01-02,Customer Changed Mind
O042165,2023-11-12,Late Delivery
O042174,2024-11-30,Wrong Product
O042190,2024-11-22,Late Delivery
O042195,2025-09-30,Wrong Product
O042216,2023-07-07,Damaged
O042230,2023-10-03,Damaged
O042238,2024-12-30,Late Delivery
O042240,2024-07-29,Quality Issue
O042243,2024-08-20,Customer Changed Mind
O042244,2024-09-17,Customer Changed Mind
O042281,2023-02-28,Wrong Product
O042294,2025-11-12,Damaged
O042319,2023-10-25,Customer Changed Mind
O042327,2023-08-17,Damaged
O042328,2024-12-21,Quality Issue
O042331,2023-08-11,Quality Issue
O042335,2025-07-14,Damaged
O042347,2024-08-04,Late Delivery
O042353,2024-10-09,Customer Changed Mind
O042359,2023-12-01,Late Delivery
O042381,2023-01-12,Late Delivery
O042419,2024-09-08,Damaged
O042437,2025-01-31,Customer Changed Mind
O042440,2024-11-28,Wrong Product
O042443,2025-04-15,Wrong Product
O042449,2023-01-29,Wrong Product
O042450,2024-12-28,Late Delivery
O042451,2023-01-11,Damaged
O042469,2023-06-13,Damaged
O042500,2025-07-14,Quality Issue
O042525,2023-03-08,Quality Issue
O042535,2024-07-12,Damaged
O042541,2024-01-12,Late Delivery
O042551,2024-10-22,Quality Issue
O042561,2023-02-15,Quality Issue
O042564,2023-12-11,Wrong Product
O042569,2024-08-16,Customer Changed Mind
O042577,2025-11-14,Customer Changed Mind
O042578,2023-11-29,Quality Issue
O042579,2024-12-21,Late Delivery
O042582,2024-09-13,Customer Changed Mind
O042584,2024-04-25,Wrong Product
O042591,2023-11-15,Damaged
O042592,2025-02-04,Late Delivery
O042618,2023-04-07,Late Delivery
O042637,2024-04-01,Customer Changed Mind
O042649,2023-10-27,Wrong Product
O042670,2024-11-06,Quality Issue
O042705,2023-02-13,Customer Changed Mind
O042736,2024-12-02,Late Delivery
O042756,2024-09-05,Quality Issue
O042772,2023-10-13,Customer Changed Mind
O042779,2023-10-04,Late Delivery
O042788,2025-02-28,Late Delivery
O042806,2023-10-06,Damaged
O042810,2025-10-21,Customer Changed Mind
O042812,2025-07-06,Damaged
O042819,2025-11-22,Late Delivery
O042836,2025-09-10,Customer Changed Mind
O042863,2023-06-17,Customer Changed Mind
O042890,2024-02-28,Wrong Product
O042896,2024-04-23,Customer Changed Mind
O042910,2025-01-24,Wrong Product
O042933,2023-08-14,Quality Issue
O042954,2023-04-20,Damaged
O042963,2023-01-16,Damaged
O042971,2024-09-06,Wrong Product
O042983,2024-07-28,Customer Changed Mind
O043005,2024-08-01,Damaged
O043024,2024-05-10,Damaged
O043037,2023-07-14,Late Delivery
O043073,2024-05-02,Customer Changed Mind
O043115,2024-10-05,Customer Changed Mind
O043136,2024-12-10,Damaged
O043141,2023-05-28,Late Delivery
O043153,2025-03-06,Damaged
O043163,2024-04-24,Damaged
O043165,2024-11-02,Wrong Product
O043186,2025-02-27,Late Delivery
O043188,2025-04-17,Late Delivery
O043210,2025-01-09,Customer Changed Mind
O043224,2025-11-17,Customer Changed Mind
O043244,2023-02-27,Wrong Product
O043279,2023-05-21,Wrong Product
O043319,2024-01-17,Late Delivery
O043340,2024-10-21,Damaged
O043341,2024-06-05,Quality Issue
O043357,2025-02-17,Late Delivery
O043359,2025-01-02,Quality Issue
O043360,2024-06-15,Quality Issue
O043368,2024-07-11,Late Delivery
O043379,2024-08-23,Customer Changed Mind
O043419,2023-10-05,Late Delivery
O043421,2024-07-23,Quality Issue
O043426,2025-09-07,Late Delivery
O043434,2023-06-12,Late Delivery
O043442,2023-10-29,Quality Issue
O043453,2025-07-29,Wrong Product
O043460,2024-01-23,Customer Changed Mind
O043468,2024-09-30,Damaged
O043474,2025-10-30,Damaged
O043482,2024-11-16,Quality Issue
O043493,2024-05-30,Customer Changed Mind
O043511,2023-08-13,Customer Changed Mind
O043534,2025-12-09,Late Delivery
O043536,2024-08-16,Late Delivery
O043539,2025-09-26,Wrong Product
O043542,2023-03-08,Quality Issue
O043551,2025-04-23,Damaged
O043554,2024-10-29,Late Delivery
O043563,2024-08-05,Customer Changed Mind
O043570,2025-06-09,Quality Issue
O043576,2024-07-03,Customer Changed Mind
O043579,2024-01-02,Quality Issue
O043590,2023-10-18,Quality Issue
O043610,2025-11-10,Customer Changed Mind
O043618,2023-06-30,Damaged
O043623,2025-10-26,Damaged
O043635,2023-08-25,Quality Issue
O043643,2023-02-27,Customer Changed Mind
O043660,2025-02-05,Customer Changed Mind
O043674,2023-09-07,Late Delivery
O043678,2023-05-16,Customer Changed Mind
O043688,2024-01-20,Wrong Product
O043721,2024-09-10,Late Delivery
O043742,2025-08-13,Late Delivery
O043754,2025-11-22,Late Delivery
O043755,2023-05-28,Damaged
O043760,2024-07-21,Damaged
O043770,2023-11-29,Wrong Product
O043779,2024-09-18,Damaged
O043786,2023-01-29,Late Delivery
O043793,2023-09-07,Quality Issue
O043820,2024-09-10,Damaged
O043823,2025-07-16,Late Delivery
O043825,2025-01-18,Late Delivery
O043839,2024-03-31,Customer Changed Mind
O043859,2023-03-15,Quality Issue
O043860,2025-11-25,Quality Issue
O043865,2024-05-14,Wrong Product
O043867,2024-12-13,Late Delivery
O043874,2023-02-13,Customer Changed Mind
O043876,2024-09-29,Late Delivery
O043877,2024-08-15,Late Delivery
O043889,2023-12-17,Late Delivery
O043897,2025-03-28,Wrong Product
O043901,2024-12-08,Customer Changed Mind
O043912,2024-08-18,Late Delivery
O043919,2023-10-02,Late Delivery
O043926,2024-07-25,Wrong Product
O043930,2024-05-05,Quality Issue
O043932,2025-05-26,Quality Issue
O043933,2025-12-24,Late Delivery
O043938,2023-08-08,Quality Issue
O043948,2024-03-27,Wrong Product
O044000,2023-05-01,Damaged
O044011,2023-03-17,Late Delivery
O044021,2025-02-07,Wrong Product
O044026,2023-09-15,Wrong Product
O044048,2023-03-12,Late Delivery
O044049,2023-05-19,Damaged
O044071,2025-09-09,Damaged
O044083,2024-09-11,Quality Issue
O044117,2023-04-28,Late Delivery
O044119,2023-10-08,Wrong Product
O044121,2024-03-05,Wrong Product
O044128,2025-09-01,Quality Issue
O044143,2024-06-12,Wrong Product
O044153,2023-02-17,Customer Changed Mind
O044158,2024-12-19,Wrong Product
O044166,2023-12-07,Damaged
O044177,2025-12-06,Quality Issue
O044178,2025-06-13,Late Delivery
O044202,2024-07-17,Late Delivery
O044223,2025-02-13,Quality Issue
O044234,2023-11-10,Late Delivery
O044239,2023-06-15,Wrong Product
O044256,2024-04-26,Quality Issue
O044265,2025-03-02,Damaged
O044268,2023-10-03,Damaged
O044289,2025-07-02,Damaged
O044318,2024-05-16,Quality Issue
O044324,2024-06-30,Damaged
O044326,2023-11-01,Late Delivery
O044328,2024-11-03,Late Delivery
O044331,2025-04-09,Customer Changed Mind
O044353,2025-12-10,Quality Issue
O044362,2025-06-21,Quality Issue
O044379,2024-07-29,Quality Issue
O044398,2024-01-22,Damaged
O044401,2025-08-30,Customer Changed Mind
O044405,2025-06-26,Quality Issue
O044410,2023-08-04,Damaged
O044416,2023-07-03,Customer Changed Mind
O044420,2023-04-11,Wrong Product
O044421,2025-07-17,Late Delivery
O044422,2024-04-06,Quality Issue
O044445,2024-11-16,Damaged
O044457,2023-10-31,Late Delivery
O044465,2024-09-18,Quality Issue
O044486,2025-08-22,Quality Issue
O044514,2024-02-20,Quality Issue
O044521,2025-11-13,Wrong Product
O044549,2023-11-18,Wrong Product
O044550,2025-01-27,Wrong Product
O044554,2024-08-11,Wrong Product
O044563,2025-09-19,Late Delivery
O044567,2025-01-18,Quality Issue
O044591,2023-10-11,Damaged
O044606,2024-08-30,Wrong Product
O044628,2024-09-17,Customer Changed Mind
O044662,2025-07-10,Customer Changed Mind
O044669,2023-07-29,Damaged
O044695,2023-08-07,Wrong Product
O044710,2023-12-05,Late Delivery
O044728,2024-07-11,Late Delivery
O044755,2025-02-25,Late Delivery
O044769,2026-01-05,Quality Issue
O044780,2025-12-14,Quality Issue
O044799,2025-11-01,Damaged
O044807,2024-10-23,Customer Changed Mind
O044826,2025-11-03,Wrong Product
O044834,2023-08-30,Wrong Product
O044843,2024-09-19,Late Delivery
O044867,2025-04-24,Wrong Product
O044884,2024-02-16,Wrong Product
O044886,2024-10-18,Late Delivery
O044913,2024-08-08,Wrong Product
O044915,2023-03-07,Customer Changed Mind
O044918,2023-05-03,Damaged
O044934,2023-06-22,Wrong Product
O044936,2024-02-08,Wrong Product
O044962,2024-03-08,Damaged
O045000,2023-07-29,Customer Changed Mind
O045002,2024-11-06,Wrong Product
O045011,2024-02-20,Customer Changed Mind
O045016,2023-05-10,Damaged
O045019,2023-10-14,Damaged
O045031,2023-10-31,Wrong Product
O045046,2024-01-20,Damaged
O045111,2023-06-29,Damaged
O045120,2025-05-28,Damaged
O045131,2024-05-31,Wrong Product
O045171,2025-10-22,Damaged
O045177,2023-11-18,Wrong Product
O045189,2023-10-22,Damaged
O045212,2024-07-20,Late Delivery
O045213,2024-02-01,Quality Issue
O045223,2023-04-16,Quality Issue
O045237,2026-01-02,Customer Changed Mind
O045239,2024-05-21,Damaged
O045258,2023-06-06,Quality Issue
O045277,2023-11-08,Late Delivery
O045281,2024-03-30,Wrong Product
O045305,2025-03-04,Late Delivery
O045314,2024-09-02,Wrong Product
O045322,2025-11-20,Wrong Product
O045327,2025-10-03,Wrong Product
O045328,2024-05-14,Customer Changed Mind
O045334,2023-07-29,Wrong Product
O045343,2024-07-23,Wrong Product
O045347,2024-07-12,Damaged
O045404,2024-09-16,Quality Issue
O045424,2025-09-05,Customer Changed Mind
O045427,2024-09-13,Late Delivery
O045428,2024-05-19,Damaged
O045429,2025-07-25,Customer Changed Mind
O045430,2024-11-08,Quality Issue
O045433,2023-11-22,Customer Changed Mind
O045447,2025-02-07,Customer Changed Mind
O045453,2023-08-29,Quality Issue
O045506,2024-02-18,Damaged
O045515,2023-07-13,Wrong Product
O045529,2024-02-14,Customer Changed Mind
O045559,2023-01-10,Damaged
O045566,2024-07-01,Late Delivery
O045583,2023-09-10,Wrong Product
O045617,2023-06-24,Damaged
O045630,2024-01-26,Wrong Product
O045631,2024-07-08,Quality Issue
O045658,2024-01-07,Customer Changed Mind
O045679,2023-05-25,Quality Issue
O045681,2024-06-25,Quality Issue
O045692,2023-10-07,Customer Changed Mind
O045695,2025-06-13,Wrong Product
O045710,2023-02-13,Late Delivery
O045713,2024-02-01,Customer Changed Mind
O045728,2025-04-10,Late Delivery
O045738,2024-02-27,Damaged
O045755,2023-07-15,Customer Changed Mind
O045762,2023-10-17,Quality Issue
O045765,2025-06-18,Damaged
O045771,2025-06-17,Late Delivery
O045788,2024-11-30,Late Delivery
O045789,2024-03-05,Late Delivery
O045791,2025-06-21,Late Delivery
O045802,2025-08-06,Quality Issue
O045804,2025-06-17,Wrong Product
O045838,2023-08-18,Customer Changed Mind
O045883,2024-05-03,Damaged
O045892,2023-07-08,Wrong Product
O045916,2024-12-21,Damaged
O045928,2025-10-17,Damaged
O045944,2023-05-24,Customer Changed Mind
O045987,2025-04-21,Customer Changed Mind
O046001,2023-12-21,Wrong Product
O046013,2025-11-05,Damaged
O046018,2024-12-18,Late Delivery
O046039,2024-08-06,Quality Issue
O046050,2025-07-14,Late Delivery
O046060,2026-01-05,Damaged
O046068,2024-11-22,Quality Issue
O046081,2025-05-10,Wrong Product
O046082,2024-09-30,Wrong Product
O046093,2024-12-01,Customer Changed Mind
O046100,2024-01-06,Damaged
O046110,2024-05-25,Damaged
O046129,2024-01-20,Quality Issue
O046144,2023-07-21,Quality Issue
O046161,2023-06-05,Customer Changed Mind
O046175,2024-09-11,Wrong Product
O046179,2025-09-26,Quality Issue
O046183,2025-03-26,Late Delivery
O046186,2024-01-31,Wrong Product
O046201,2025-08-28,Quality Issue
O046233,2023-02-14,Quality Issue
O046241,2023-11-16,Late Delivery
O046253,2023-03-29,Quality Issue
O046265,2024-08-30,Wrong Product
O046272,2024-01-03,Customer Changed Mind
O046290,2025-09-06,Customer Changed Mind
O046295,2025-12-22,Quality Issue
O046315,2025-05-25,Late Delivery
O046337,2024-03-17,Damaged
O046340,2023-01-03,Wrong Product
O046349,2025-04-09,Quality Issue
O046376,2025-02-18,Customer Changed Mind
O046437,2023-09-25,Customer Changed Mind
O046440,2023-11-10,Damaged
O046447,2024-03-07,Quality Issue
O046467,2025-01-21,Wrong Product
O046475,2024-10-24,Late Delivery
O046494,2024-11-23,Quality Issue
O046503,2024-01-18,Wrong Product
O046522,2023-09-29,Late Delivery
O046535,2025-08-26,Late Delivery
O046546,2024-10-27,Wrong Product
O046559,2024-08-18,Wrong Product
O046596,2025-05-17,Late Delivery
O046605,2025-11-02,Quality Issue
O046613,2025-02-10,Damaged
O046614,2024-11-14,Customer Changed Mind
O046616,2023-06-06,Late Delivery
O046619,2025-01-21,Wrong Product
O046662,2023-02-11,Customer Changed Mind
O046669,2025-01-05,Wrong Product
O046671,2024-02-05,Customer Changed Mind
O046685,2025-01-21,Damaged
O046715,2024-07-26,Late Delivery
O046719,2025-12-23,Wrong Product
O046723,2025-11-25,Customer Changed Mind
O046734,2025-09-26,Damaged
O046741,2024-10-12,Damaged
O046753,2024-04-18,Customer Changed Mind
O046755,2025-12-19,Wrong Product
O046756,2025-05-18,Wrong Product
O046757,2024-06-04,Wrong Product
O046769,2025-11-22,Late Delivery
O046785,2023-06-07,Damaged
O046799,2023-05-20,Damaged
O046805,2024-12-22,Damaged
O046837,2024-03-04,Damaged
O046871,2025-10-16,Late Delivery
O046901,2024-03-19,Customer Changed Mind
O046913,2025-12-22,Customer Changed Mind
O046921,2023-09-04,Customer Changed Mind
O046923,2023-03-28,Wrong Product
O046928,2025-03-20,Damaged
O046939,2023-01-15,Late Delivery
O046948,2025-01-29,Customer Changed Mind
O046974,2025-07-24,Late Delivery
O046978,2023-03-27,Quality Issue
O047004,2025-11-14,Wrong Product
O047015,2024-09-13,Customer Changed Mind
O047025,2023-09-04,Customer Changed Mind
O047035,2025-01-30,Damaged
O047042,2024-05-04,Late Delivery
O047055,2024-01-27,Wrong Product
O047060,2023-09-06,Customer Changed Mind
O047061,2025-06-20,Quality Issue
O047075,2025-10-25,Quality Issue
O047109,2024-09-10,Customer Changed Mind
O047117,2025-11-25,Wrong Product
O047133,2024-11-10,Damaged
O047148,2023-06-20,Late Delivery
O047161,2025-10-17,Quality Issue
O047165,2025-03-18,Customer Changed Mind
O047167,2025-12-12,Late Delivery
O047200,2024-04-22,Damaged
O047209,2024-09-08,Customer Changed Mind
O047224,2023-05-10,Late Delivery
O047277,2024-05-08,Wrong Product
O047279,2025-08-25,Customer Changed Mind
O047283,2023-12-19,Quality Issue
O047306,2025-09-24,Late Delivery
O047314,2023-12-28,Late Delivery
O047318,2023-11-07,Wrong Product
O047332,2023-05-01,Late Delivery
O047333,2025-12-08,Wrong Product
O047410,2024-03-01,Customer Changed Mind
O047413,2024-06-07,Damaged
O047430,2024-12-09,Customer Changed Mind
O047431,2023-06-09,Wrong Product
O047433,2023-09-28,Late Delivery
O047444,2025-04-08,Quality Issue
O047484,2024-08-01,Quality Issue
O047511,2025-06-22,Late Delivery
O047527,2024-02-13,Wrong Product
O047528,2024-12-05,Customer Changed Mind
O047545,2025-10-28,Quality Issue
O047562,2024-09-16,Wrong Product
O047563,2023-12-18,Late Delivery
O047565,2025-05-04,Quality Issue
O047566,2023-09-24,Wrong Product
O047576,2024-08-27,Damaged
O047579,2025-08-18,Late Delivery
O047584,2024-12-17,Damaged
O047612,2023-12-29,Wrong Product
O047617,2025-08-31,Customer Changed Mind
O047627,2023-08-13,Quality Issue
O047628,2023-04-10,Damaged
O047633,2023-01-19,Damaged
O047653,2024-09-02,Quality Issue
O047671,2023-04-30,Late Delivery
O047676,2023-02-20,Damaged
O047692,2023-07-29,Late Delivery
O047703,2025-09-06,Customer Changed Mind
O047714,2023-11-24,Damaged
O047731,2024-03-06,Quality Issue
O047742,2025-08-30,Quality Issue
O047750,2024-03-29,Quality Issue
O047766,2025-04-01,Wrong Product
O047770,2024-11-16,Wrong Product
O047772,2024-07-17,Late Delivery
O047790,2023-07-21,Wrong Product
O047792,2025-04-06,Wrong Product
O047800,2025-11-02,Customer Changed Mind
O047824,2023-01-17,Late Delivery
O047826,2025-01-10,Quality Issue
O047839,2023-02-02,Customer Changed Mind
O047845,2023-10-22,Customer Changed Mind
O047857,2024-06-17,Wrong Product
O047872,2025-12-23,Wrong Product
O047902,2024-06-27,Customer Changed Mind
O047918,2025-05-20,Wrong Product
O047937,2025-08-02,Wrong Product
O047947,2023-06-22,Late Delivery
O047948,2025-07-18,Customer Changed Mind
O047957,2024-04-16,Customer Changed Mind
O047965,2025-08-12,Late Delivery
O047973,2023-10-01,Late Delivery
O047985,2023-07-02,Damaged
O048088,2024-10-28,Late Delivery
O048119,2023-01-12,Wrong Product
O048135,2025-12-19,Customer Changed Mind
O048142,2025-04-17,Late Delivery
O048150,2025-10-02,Customer Changed Mind
O048151,2025-11-28,Quality Issue
O048158,2024-01-22,Wrong Product
O048187,2025-05-05,Damaged
O048192,2025-02-04,Wrong Product
O048204,2025-04-22,Customer Changed Mind
O048216,2025-12-04,Damaged
O048231,2024-01-20,Wrong Product
O048237,2024-11-23,Customer Changed Mind
O048251,2024-11-02,Late Delivery
O048255,2023-03-04,Quality Issue
O048259,2025-01-25,Quality Issue
O048327,2024-07-05,Customer Changed Mind
O048336,2024-07-23,Customer Changed Mind
O048352,2023-07-07,Wrong Product
O048365,2025-11-16,Wrong Product
O048372,2025-02-09,Damaged
O048377,2025-06-20,Wrong Product
O048381,2024-05-03,Quality Issue
O048383,2023-02-14,Customer Changed Mind
O048398,2023-02-10,Damaged
O048404,2025-07-19,Damaged
O048438,2025-04-19,Customer Changed Mind
O048447,2023-01-24,Late Delivery
O048455,2023-09-28,Quality Issue
O048461,2024-07-14,Late Delivery
O048466,2023-04-01,Customer Changed Mind
O048469,2023-12-07,Damaged
O048471,2025-03-05,Late Delivery
O048474,2023-02-10,Wrong Product
O048517,2024-02-04,Damaged
O048519,2023-07-06,Wrong Product
O048550,2025-09-25,Wrong Product
O048552,2023-09-19,Quality Issue
O048566,2023-08-13,Quality Issue
O048568,2023-04-27,Customer Changed Mind
O048574,2024-04-20,Customer Changed Mind
O048585,2023-01-31,Quality Issue
O048602,2024-09-09,Late Delivery
O048607,2023-05-13,Customer Changed Mind
O048622,2024-09-17,Customer Changed Mind
O048623,2025-07-01,Quality Issue
O048648,2023-03-18,Late Delivery
O048665,2025-08-02,Late Delivery
O048682,2024-05-15,Late Delivery
O048690,2023-04-02,Wrong Product
O048699,2023-11-05,Quality Issue
O048717,2024-10-12,Quality Issue
O048720,2024-12-30,Quality Issue
O048744,2024-08-27,Quality Issue
O048762,2023-04-13,Late Delivery
O048791,2024-08-10,Wrong Product
O048793,2025-12-08,Wrong Product
O048801,2024-07-20,Customer Changed Mind
O048840,2023-04-23,Wrong Product
O048842,2025-01-03,Wrong Product
O048846,2023-09-23,Damaged
O048848,2025-04-05,Late Delivery
O048863,2024-08-26,Damaged
O048895,2023-04-05,Customer Changed Mind
O048899,2025-10-17,Customer Changed Mind
O048906,2024-08-18,Customer Changed Mind
O048922,2023-10-18,Damaged
O048937,2024-02-08,Quality Issue
O048980,2025-08-06,Quality Issue
O049015,2024-06-21,Wrong Product
O049031,2025-10-20,Wrong Product
O049040,2024-06-16,Customer Changed Mind
O049049,2024-02-10,Customer Changed Mind
O049056,2025-11-14,Late Delivery
O049065,2024-04-11,Quality Issue
O049075,2024-01-21,Wrong Product
O049082,2024-04-13,Damaged
O049087,2023-10-02,Customer Changed Mind
O049095,2025-02-20,Wrong Product
O049105,2024-07-13,Late Delivery
O049107,2025-01-31,Customer Changed Mind
O049119,2024-08-28,Quality Issue
O049130,2024-07-08,Wrong Product
O049143,2025-06-05,Quality Issue
O049150,2024-08-13,Quality Issue
O049163,2025-02-08,Late Delivery
O049204,2024-11-25,Damaged
O049207,2024-05-11,Wrong Product
O049230,2025-07-01,Late Delivery
O049246,2024-01-06,Late Delivery
O049266,2025-03-19,Late Delivery
O049272,2024-06-13,Damaged
O049302,2024-10-28,Late Delivery
O049305,2024-12-24,Quality Issue
O049355,2024-08-13,Wrong Product
O049358,2025-11-07,Customer Changed Mind
O049406,2025-12-30,Quality Issue
O049411,2025-06-02,Customer Changed Mind
O049417,2024-04-02,Wrong Product
O049425,2025-09-13,Wrong Product
O049429,2025-04-04,Customer Changed Mind
O049434,2024-06-29,Customer Changed Mind
O049458,2024-11-24,Late Delivery
O049463,2024-05-30,Customer Changed Mind
O049470,2023-10-28,Quality Issue
O049487,2023-05-06,Customer Changed Mind
O049514,2024-07-01,Late Delivery
O049532,2024-03-06,Damaged
O049540,2024-12-14,Customer Changed Mind
O049542,2025-03-28,Quality Issue
O049552,2025-01-21,Quality Issue
O049590,2024-05-31,Customer Changed Mind
O049613,2025-01-17,Late Delivery
O049631,2023-08-12,Late Delivery
O049634,2023-11-20,Quality Issue
O049642,2024-05-01,Wrong Product
O049722,2023-02-07,Quality Issue
O049732,2025-03-20,Wrong Product
O049750,2025-12-11,Customer Changed Mind
O049767,2025-09-22,Damaged
O049778,2024-07-21,Damaged
O049783,2023-12-13,Quality Issue
O049784,2025-11-20,Damaged
O049859,2023-07-23,Late Delivery
O049932,2025-12-11,Quality Issue
O049950,2024-01-06,Late Delivery
O050018,2024-08-13,Customer Changed Mind
O050020,2023-03-29,Wrong Product
O050022,2025-10-06,Wrong Product
O050038,2024-09-18,Wrong Product
O050048,2023-11-26,Late Delivery
O050054,2025-06-19,Late Delivery
O050065,2025-12-25,Wrong Product
O050074,2025-08-14,Quality Issue
O050080,2025-09-24,Quality Issue
O050089,2025-05-31,Customer Changed Mind
O050093,2023-08-16,Wrong Product
O050120,2025-08-26,Quality Issue
O050139,2025-08-01,Wrong Product
O050151,2024-05-13,Damaged
O050166,2025-08-24,Customer Changed Mind
O050173,2024-09-28,Quality Issue
O050175,2025-12-23,Customer Changed Mind
O050177,2024-06-11,Late Delivery
O050200,2024-01-19,Damaged
O050225,2023-11-23,Wrong Product
O050233,2025-05-15,Damaged
O050246,2023-07-02,Quality Issue
O050258,2023-12-29,Quality Issue
O050273,2023-05-10,Quality Issue
O050280,2024-11-28,Customer Changed Mind
O050308,2025-03-06,Late Delivery
O050318,2023-07-01,Wrong Product
O050320,2023-12-08,Wrong Product
O050349,2025-04-11,Quality Issue
O050371,2025-01-09,Wrong Product
O050374,2025-07-12,Customer Changed Mind
O050386,2025-07-31,Late Delivery
O050400,2023-08-17,Late Delivery
O050405,2024-05-15,Late Delivery
O050421,2023-02-19,Damaged
O050433,2023-01-29,Customer Changed Mind
O050434,2023-05-23,Wrong Product
O050454,2024-09-28,Late Delivery
O050476,2023-08-09,Late Delivery
O050482,2023-02-11,Damaged
O050483,2025-02-05,Quality Issue
O050538,2024-11-11,Damaged
O050551,2024-05-23,Customer Changed Mind
O050573,2024-03-29,Quality Issue
O050585,2025-03-08,Damaged
O050627,2025-06-26,Quality Issue
O050628,2023-04-28,Quality Issue
O050629,2023-07-08,Quality Issue
O050640,2023-09-05,Damaged
O050659,2025-06-03,Customer Changed Mind
O050701,2025-12-29,Customer Changed Mind
O050702,2025-02-12,Damaged
O050708,2025-04-22,Customer Changed Mind
O050714,2024-11-07,Damaged
O050730,2025-02-19,Late Delivery
O050741,2025-07-10,Customer Changed Mind
O050747,2025-05-03,Damaged
O050754,2023-09-16,Customer Changed Mind
O050761,2023-06-24,Damaged
O050779,2023-11-07,Customer Changed Mind
O050790,2025-01-04,Damaged
O050798,2025-10-30,Customer Changed Mind
O050800,2024-06-02,Wrong Product
O050812,2025-05-06,Late Delivery
O050823,2023-05-13,Customer Changed Mind
O050829,2025-11-28,Damaged
O050836,2025-07-11,Wrong Product
O050931,2023-07-01,Customer Changed Mind
O050937,2023-07-21,Wrong Product
O050939,2025-03-25,Late Delivery
O050979,2024-11-18,Wrong Product
O050992,2024-12-24,Quality Issue
O051003,2024-05-28,Late Delivery
O051021,2025-08-03,Late Delivery
O051031,2023-11-30,Customer Changed Mind
O051048,2025-09-03,Customer Changed Mind
O051059,2025-06-11,Quality Issue
O051109,2024-03-09,Quality Issue
O051120,2024-10-10,Late Delivery
O051129,2023-12-10,Damaged
O051130,2024-05-27,Quality Issue
O051131,2025-09-15,Quality Issue
O051145,2025-03-03,Damaged
O051148,2025-04-07,Late Delivery
O051166,2025-11-17,Late Delivery
O051170,2024-06-12,Quality Issue
O051222,2025-08-17,Late Delivery
O051230,2023-09-27,Wrong Product
O051236,2025-11-17,Damaged
O051243,2023-07-16,Damaged
O051245,2025-04-18,Damaged
O051271,2024-05-25,Damaged
O051273,2024-09-16,Damaged
O051309,2023-09-08,Late Delivery
O051320,2025-09-22,Quality Issue
O051339,2024-06-11,Late Delivery
O051352,2023-06-12,Damaged
O051353,2025-06-24,Wrong Product
O051370,2023-11-12,Late Delivery
O051377,2025-01-07,Late Delivery
O051379,2025-08-24,Late Delivery
O051386,2024-06-15,Late Delivery
O051393,2025-01-23,Damaged
O051402,2025-12-31,Wrong Product
O051407,2025-07-27,Late Delivery
O051409,2024-10-11,Quality Issue
O051429,2024-06-27,Damaged
O051436,2023-12-24,Late Delivery
O051481,2023-04-23,Customer Changed Mind
O051500,2023-04-29,Quality Issue
O051535,2025-12-08,Quality Issue
O051548,2025-06-02,Late Delivery
O051568,2024-02-25,Damaged
O051572,2023-03-11,Quality Issue
O051575,2025-10-17,Quality Issue
O051596,2025-11-05,Damaged
O051600,2023-05-10,Customer Changed Mind
O051611,2025-03-06,Damaged
O051613,2023-10-11,Damaged
O051642,2025-11-23,Late Delivery
O051649,2023-11-01,Damaged
O051667,2025-04-29,Late Delivery
O051670,2023-05-09,Late Delivery
O051677,2024-08-23,Quality Issue
O051682,2025-06-03,Quality Issue
O051688,2023-07-15,Wrong Product
O051701,2025-10-06,Wrong Product
O051706,2024-05-06,Late Delivery
O051737,2025-01-07,Late Delivery
O051740,2025-12-20,Quality Issue
O051750,2023-10-29,Late Delivery
O051769,2023-10-07,Customer Changed Mind
O051771,2025-12-26,Quality Issue
O051778,2023-02-23,Quality Issue
O051793,2025-12-06,Late Delivery
O051822,2024-10-16,Quality Issue
O051856,2024-08-16,Quality Issue
O051875,2023-03-09,Customer Changed Mind
O051888,2024-08-24,Damaged
O051890,2025-11-07,Damaged
O051924,2025-11-06,Wrong Product
O051956,2025-01-26,Quality Issue
O051974,2024-02-15,Customer Changed Mind
O051982,2023-05-02,Damaged
O051987,2024-10-11,Quality Issue
O051993,2023-01-12,Customer Changed Mind
O051999,2025-02-26,Customer Changed Mind
O052011,2024-08-28,Late Delivery
O052040,2025-05-18,Late Delivery
O052066,2025-05-24,Quality Issue
O052067,2023-09-26,Wrong Product
O052073,2024-01-26,Damaged
O052109,2025-02-19,Wrong Product
O052112,2023-02-19,Customer Changed Mind
O052144,2025-05-02,Damaged
O052155,2023-07-19,Damaged
O052234,2025-02-11,Quality Issue
O052241,2025-01-15,Wrong Product
O052257,2025-02-27,Wrong Product
O052258,2023-06-20,Customer Changed Mind
O052294,2023-11-08,Customer Changed Mind
O052302,2023-11-11,Wrong Product
O052303,2024-11-23,Customer Changed Mind
O052307,2024-01-25,Customer Changed Mind
O052332,2023-02-02,Late Delivery
O052337,2023-12-09,Late Delivery
O052339,2025-04-29,Wrong Product
O052340,2024-09-24,Quality Issue
O052343,2023-07-10,Quality Issue
O052348,2023-08-06,Customer Changed Mind
O052355,2025-06-30,Customer Changed Mind
O052371,2025-04-19,Customer Changed Mind
O052391,2024-07-01,Wrong Product
O052403,2024-07-27,Wrong Product
O052405,2024-05-20,Damaged
O052446,2023-05-04,Quality Issue
O052465,2024-07-20,Wrong Product
O052482,2025-05-25,Customer Changed Mind
O052487,2023-12-07,Damaged
O052534,2025-08-30,Customer Changed Mind
O052539,2024-04-08,Quality Issue
O052558,2024-02-21,Damaged
O052591,2025-03-07,Customer Changed Mind
O052605,2025-11-07,Damaged
O052623,2023-02-27,Late Delivery
O052627,2023-08-08,Wrong Product
O052629,2024-04-21,Late Delivery
O052660,2024-04-05,Damaged
O052663,2025-12-01,Damaged
O052676,2025-06-02,Customer Changed Mind
O052681,2023-06-27,Customer Changed Mind
O052698,2023-11-26,Quality Issue
O052706,2024-03-30,Quality Issue
O052709,2024-05-14,Quality Issue
O052718,2025-08-02,Customer Changed Mind
O052726,2025-06-04,Wrong Product
O052763,2023-05-04,Quality Issue
O052767,2025-01-18,Quality Issue
O052777,2023-08-16,Damaged
O052784,2024-08-06,Damaged
O052807,2023-11-29,Wrong Product
O052810,2024-11-30,Late Delivery
O052818,2024-09-24,Late Delivery
O052822,2025-11-25,Wrong Product
O052824,2023-03-20,Wrong Product
O052829,2023-01-22,Late Delivery
O052831,2024-01-06,Late Delivery
O052859,2023-02-04,Wrong Product
O052868,2023-04-07,Quality Issue
O052878,2025-02-21,Customer Changed Mind
O052881,2024-03-05,Customer Changed Mind
O052883,2024-07-20,Quality Issue
O052886,2024-12-22,Damaged
O052905,2023-09-17,Customer Changed Mind
O052926,2025-04-30,Wrong Product
O052967,2023-07-13,Wrong Product
O052968,2024-08-10,Damaged
O052987,2025-10-02,Damaged
O052990,2024-03-15,Late Delivery
O053013,2025-05-02,Late Delivery
O053036,2024-12-19,Damaged
O053041,2023-03-08,Wrong Product
O053054,2025-07-31,Wrong Product
O053073,2025-08-05,Late Delivery
O053150,2023-04-21,Customer Changed Mind
O053154,2024-05-14,Quality Issue
O053181,2024-08-16,Damaged
O053184,2023-03-10,Damaged
O053199,2023-02-22,Late Delivery
O053203,2023-06-03,Damaged
O053206,2025-07-25,Customer Changed Mind
O053238,2024-11-01,Wrong Product
O053254,2023-06-18,Damaged
O053267,2023-07-14,Quality Issue
O053271,2024-03-02,Late Delivery
O053274,2023-07-30,Damaged
O053300,2024-03-20,Late Delivery
O053343,2024-08-02,Wrong Product
O053346,2023-09-19,Late Delivery
O053349,2025-02-05,Quality Issue
O053353,2023-02-07,Customer Changed Mind
O053357,2024-06-20,Damaged
O053407,2024-03-06,Wrong Product
O053408,2023-06-01,Customer Changed Mind
O053432,2024-04-09,Quality Issue
O053450,2025-03-15,Damaged
O053464,2023-06-13,Quality Issue
O053487,2024-03-28,Quality Issue
O053501,2023-03-25,Late Delivery
O053504,2024-03-09,Damaged
O053537,2024-11-29,Damaged
O053539,2024-07-01,Wrong Product
O053575,2023-12-12,Damaged
O053597,2025-12-05,Customer Changed Mind
O053617,2023-08-21,Customer Changed Mind
O053620,2024-08-11,Customer Changed Mind
O053624,2024-07-16,Wrong Product
O053648,2024-08-11,Late Delivery
O053658,2025-05-07,Wrong Product
O053677,2025-11-16,Quality Issue
O053678,2024-05-26,Wrong Product
O053703,2024-07-25,Late Delivery
O053705,2023-04-09,Damaged
O053708,2024-12-09,Quality Issue
O053717,2024-09-24,Quality Issue
O053724,2025-10-05,Customer Changed Mind
O053778,2023-12-02,Wrong Product
O053784,2024-10-05,Damaged
O053820,2024-08-02,Damaged
O053864,2023-12-07,Quality Issue
O053888,2023-02-24,Damaged
O053892,2024-11-20,Damaged
O053894,2024-01-07,Late Delivery
O053911,2026-01-04,Damaged
O053926,2024-09-20,Quality Issue
O053940,2025-10-26,Quality Issue
O053952,2024-10-04,Damaged
O053953,2023-09-30,Wrong Product
O053960,2025-01-01,Quality Issue
O053978,2024-03-17,Quality Issue
O053979,2023-01-30,Damaged
O053988,2025-10-03,Wrong Product
O054001,2024-02-23,Late Delivery
O054005,2025-12-25,Quality Issue
O054006,2023-09-29,Late Delivery
O054010,2023-11-03,Customer Changed Mind
O054015,2023-08-31,Wrong Product
O054050,2023-04-06,Wrong Product
O054064,2024-01-03,Customer Changed Mind
O054074,2025-04-17,Customer Changed Mind
O054077,2024-02-16,Late Delivery
O054078,2024-08-06,Damaged
O054082,2025-04-24,Wrong Product
O054084,2026-01-06,Wrong Product
O054085,2023-10-15,Quality Issue
O054096,2024-09-15,Damaged
O054132,2024-12-18,Wrong Product
O054140,2023-04-25,Wrong Product
O054141,2025-03-05,Customer Changed Mind
O054162,2025-12-30,Wrong Product
O054163,2024-11-15,Late Delivery
O054167,2025-06-15,Damaged
O054201,2024-12-30,Late Delivery
O054223,2025-06-02,Damaged
O054265,2023-07-01,Damaged
O054273,2024-08-06,Customer Changed Mind
O054274,2024-04-06,Damaged
O054286,2024-02-04,Wrong Product
O054293,2023-12-29,Customer Changed Mind
O054295,2023-07-07,Customer Changed Mind
O054297,2025-06-25,Customer Changed Mind
O054317,2025-12-06,Damaged
O054322,2025-07-14,Late Delivery
O054351,2025-10-10,Customer Changed Mind
O054361,2024-12-23,Customer Changed Mind
O054383,2024-04-28,Customer Changed Mind
O054398,2025-06-20,Late Delivery
O054402,2023-04-19,Wrong Product
O054411,2023-01-27,Wrong Product
O054421,2025-08-29,Wrong Product
O054422,2024-01-18,Customer Changed Mind
O054424,2025-03-18,Wrong Product
O054431,2024-04-15,Late Delivery
O054446,2024-10-29,Quality Issue
O054452,2023-08-14,Quality Issue
O054459,2023-10-04,Quality Issue
O054467,2025-01-17,Late Delivery
O054469,2024-12-01,Customer Changed Mind
O054488,2024-10-17,Damaged
O054495,2025-11-22,Late Delivery
O054508,2025-09-06,Damaged
O054543,2025-08-24,Quality Issue
O054551,2023-11-12,Wrong Product
O054597,2023-10-05,Quality Issue
O054598,2023-06-06,Customer Changed Mind
O054619,2023-01-10,Customer Changed Mind
O054633,2024-05-26,Customer Changed Mind
O054638,2024-10-15,Customer Changed Mind
O054662,2023-11-15,Late Delivery
O054678,2023-01-23,Wrong Product
O054684,2023-11-24,Quality Issue
O054686,2023-02-28,Quality Issue
O054721,2025-08-10,Quality Issue
O054738,2025-04-09,Wrong Product
O054741,2024-07-08,Wrong Product
O054748,2025-10-15,Wrong Product
O054757,2023-01-20,Customer Changed Mind
O054801,2025-05-23,Late Delivery
O054804,2024-03-19,Late Delivery
O054809,2023-05-25,Quality Issue
O054811,2024-04-03,Quality Issue
O054847,2023-10-31,Quality Issue
O054855,2024-05-15,Quality Issue
O054864,2024-07-01,Customer Changed Mind
O054865,2024-03-12,Customer Changed Mind
O054893,2025-07-25,Damaged
O054927,2024-06-18,Customer Changed Mind
O054928,2025-06-23,Customer Changed Mind
O054943,2023-04-14,Late Delivery
O054950,2024-08-02,Wrong Product
O054954,2025-08-25,Wrong Product
O054960,2025-08-21,Damaged
O054961,2024-07-04,Damaged
O054964,2024-12-09,Wrong Product
O054966,2025-12-09,Quality Issue
O054967,2025-12-17,Wrong Product
O055021,2025-06-16,Quality Issue
O055073,2023-02-05,Wrong Product
O055123,2023-09-25,Customer Changed Mind
O055156,2023-07-25,Late Delivery
O055177,2024-11-28,Quality Issue
O055184,2023-08-17,Wrong Product
O055189,2025-09-27,Damaged
O055191,2023-09-26,Customer Changed Mind
O055214,2025-09-09,Customer Changed Mind
O055224,2025-09-17,Wrong Product
O055227,2024-09-25,Late Delivery
O055244,2023-10-16,Quality Issue
O055254,2023-03-26,Quality Issue
O055283,2025-06-21,Quality Issue
O055292,2024-11-08,Damaged
O055313,2023-09-02,Quality Issue
O055323,2025-06-17,Wrong Product
O055332,2023-09-26,Late Delivery
O055340,2023-12-11,Wrong Product
O055342,2024-04-27,Customer Changed Mind
O055348,2025-03-29,Wrong Product
O055366,2023-02-28,Quality Issue
O055372,2024-04-06,Wrong Product
O055385,2023-05-05,Customer Changed Mind
O055393,2024-02-03,Late Delivery
O055415,2024-07-27,Customer Changed Mind
O055434,2023-10-18,Late Delivery
O055437,2025-09-29,Late Delivery
O055447,2026-01-02,Late Delivery
O055458,2025-07-26,Wrong Product
O055466,2023-05-25,Late Delivery
O055474,2024-11-24,Wrong Product
O055485,2025-03-17,Customer Changed Mind
O055512,2023-05-28,Damaged
O055517,2023-01-14,Customer Changed Mind
O055528,2025-08-27,Customer Changed Mind
O055534,2024-04-25,Late Delivery
O055536,2023-03-14,Late Delivery
O055539,2023-08-12,Late Delivery
O055595,2025-12-05,Damaged
O055615,2025-11-06,Customer Changed Mind
O055618,2024-11-29,Damaged
O055651,2024-04-13,Customer Changed Mind
O055693,2024-08-15,Quality Issue
O055703,2024-06-03,Wrong Product
O055715,2024-12-25,Customer Changed Mind
O055724,2025-01-17,Wrong Product
O055753,2025-01-11,Damaged
O055755,2025-11-25,Late Delivery
O055761,2025-09-10,Damaged
O055775,2023-08-22,Quality Issue
O055807,2024-12-27,Damaged
O055820,2023-07-01,Customer Changed Mind
O055823,2024-10-28,Late Delivery
O055831,2024-10-31,Late Delivery
O055833,2024-03-29,Damaged
O055836,2024-10-18,Quality Issue
O055846,2024-02-21,Damaged
O055848,2025-01-10,Customer Changed Mind
O055859,2023-01-29,Damaged
O055864,2025-09-16,Late Delivery
O055866,2024-11-16,Damaged
O055874,2025-11-25,Quality Issue
O055884,2025-06-03,Wrong Product
O055903,2023-09-16,Late Delivery
O055914,2025-04-04,Wrong Product
O055930,2024-12-29,Wrong Product
O055939,2024-08-24,Customer Changed Mind
O055945,2023-02-08,Wrong Product
O055961,2025-02-26,Quality Issue
O055964,2025-05-06,Quality Issue
O055971,2023-10-16,Damaged
O055978,2025-06-03,Customer Changed Mind
O055996,2024-06-07,Customer Changed Mind
O055997,2023-12-15,Late Delivery
O056002,2025-04-27,Customer Changed Mind
O056014,2023-12-07,Wrong Product
O056028,2025-03-22,Late Delivery
O056038,2023-07-03,Quality Issue
O056065,2025-06-19,Quality Issue
O056110,2023-08-23,Late Delivery
O056114,2025-09-11,Late Delivery
O056121,2024-04-12,Late Delivery
O056133,2023-03-10,Customer Changed Mind
O056139,2025-08-05,Damaged
O056153,2024-06-04,Late Delivery
O056161,2023-06-02,Late Delivery
O056163,2025-11-04,Damaged
O056167,2023-04-17,Wrong Product
O056208,2025-04-03,Damaged
O056219,2025-07-31,Customer Changed Mind
O056221,2025-04-21,Quality Issue
O056227,2023-09-15,Wrong Product
O056238,2023-07-02,Wrong Product
O056253,2025-03-11,Customer Changed Mind
O056275,2024-11-13,Customer Changed Mind
O056281,2024-11-21,Quality Issue
O056282,2023-07-07,Wrong Product
O056307,2024-11-11,Damaged
O056314,2024-09-30,Damaged
O056341,2023-11-02,Customer Changed Mind
O056346,2025-04-18,Customer Changed Mind
O056368,2023-02-05,Customer Changed Mind
O056369,2024-01-12,Customer Changed Mind
O056376,2023-03-31,Damaged
O056395,2025-02-09,Customer Changed Mind
O056416,2023-05-27,Late Delivery
O056426,2025-06-01,Damaged
O056450,2025-08-16,Customer Changed Mind
O056463,2024-09-08,Late Delivery
O056469,2024-07-15,Damaged
O056474,2023-06-29,Damaged
O056510,2024-07-24,Damaged
O056518,2023-11-26,Customer Changed Mind
O056519,2025-06-19,Wrong Product
O056520,2024-04-12,Wrong Product
O056522,2024-01-21,Wrong Product
O056533,2023-09-17,Damaged
O056534,2025-08-17,Damaged
O056546,2025-08-09,Wrong Product
O056583,2023-07-25,Quality Issue
O056593,2023-11-24,Customer Changed Mind
O056596,2025-02-19,Damaged
O056613,2025-10-02,Quality Issue
O056621,2024-07-05,Wrong Product
O056638,2024-12-24,Damaged
O056656,2023-09-04,Wrong Product
O056668,2024-09-30,Customer Changed Mind
O056673,2025-05-26,Wrong Product
O056701,2025-10-28,Quality Issue
O056713,2023-04-19,Customer Changed Mind
O056716,2023-05-08,Customer Changed Mind
O056742,2024-06-13,Wrong Product
O056758,2024-05-20,Quality Issue
O056779,2024-11-01,Customer Changed Mind
O056792,2023-05-07,Customer Changed Mind
O056803,2024-07-10,Late Delivery
O056829,2023-11-06,Wrong Product
O056831,2024-04-11,Quality Issue
O056845,2023-05-27,Quality Issue
O056856,2023-08-11,Wrong Product
O056864,2025-02-28,Wrong Product
O056871,2025-10-10,Late Delivery
O056883,2024-06-04,Customer Changed Mind
O056884,2025-08-01,Customer Changed Mind
O056889,2023-06-14,Late Delivery
O056895,2025-08-29,Damaged
O056918,2023-12-24,Customer Changed Mind
O056939,2024-06-05,Quality Issue
O056989,2024-10-09,Late Delivery
O056991,2025-06-20,Customer Changed Mind
O057015,2025-08-10,Damaged
O057025,2023-04-21,Damaged
O057030,2024-10-31,Damaged
O057037,2024-06-15,Late Delivery
O057065,2025-11-22,Customer Changed Mind
O057082,2025-12-29,Quality Issue
O057097,2023-02-12,Quality Issue
O057132,2023-06-01,Customer Changed Mind
O057141,2023-05-20,Late Delivery
O057158,2024-07-24,Wrong Product
O057178,2023-08-30,Wrong Product
O057209,2024-01-15,Quality Issue
O057285,2023-09-12,Damaged
O057287,2023-12-13,Wrong Product
O057311,2023-03-22,Late Delivery
O057332,2024-03-01,Damaged
O057375,2025-05-19,Late Delivery
O057410,2025-11-15,Quality Issue
O057419,2025-01-02,Quality Issue
O057424,2025-09-19,Wrong Product
O057433,2023-02-13,Damaged
O057434,2024-10-25,Customer Changed Mind
O057460,2023-08-30,Quality Issue
O057469,2023-01-27,Wrong Product
O057494,2023-11-12,Damaged
O057520,2025-12-30,Late Delivery
O057524,2023-02-01,Quality Issue
O057539,2024-08-12,Customer Changed Mind
O057564,2024-06-09,Wrong Product
O057570,2024-09-18,Late Delivery
O057588,2023-10-05,Late Delivery
O057593,2023-07-23,Quality Issue
O057594,2024-07-01,Quality Issue
O057601,2025-10-18,Damaged
O057604,2025-05-19,Damaged
O057618,2024-09-16,Customer Changed Mind
O057622,2025-09-09,Late Delivery
O057642,2025-10-08,Late Delivery
O057649,2023-02-02,Late Delivery
O057672,2025-04-02,Damaged
O057675,2024-04-19,Wrong Product
O057696,2023-09-30,Customer Changed Mind
O057711,2023-07-27,Customer Changed Mind
O057718,2025-01-22,Wrong Product
O057722,2024-06-02,Customer Changed Mind
O057735,2023-05-26,Customer Changed Mind
O057737,2024-09-03,Damaged
O057754,2024-09-18,Wrong Product
O057773,2024-04-08,Quality Issue
O057791,2023-06-18,Customer Changed Mind
O057794,2024-11-30,Quality Issue
O057821,2024-07-16,Quality Issue
O057825,2023-10-04,Late Delivery
O057876,2024-08-07,Late Delivery
O057877,2023-08-21,Customer Changed Mind
O057881,2023-11-16,Late Delivery
O057886,2023-02-05,Late Delivery
O057889,2024-11-20,Quality Issue
O057901,2024-05-09,Quality Issue
O057918,2023-11-04,Damaged
O057922,2023-12-02,Quality Issue
O057959,2025-09-03,Customer Changed Mind
O057970,2023-04-14,Wrong Product
O057975,2023-07-25,Late Delivery
O057990,2025-11-10,Wrong Product
O057995,2025-09-21,Damaged
O058000,2025-03-04,Customer Changed Mind
O058002,2024-01-05,Customer Changed Mind
O058014,2023-12-09,Customer Changed Mind
O058021,2024-03-30,Late Delivery
O058027,2025-08-20,Damaged
O058043,2024-10-20,Customer Changed Mind
O058055,2025-01-12,Quality Issue
O058056,2025-04-18,Customer Changed Mind
O058057,2025-01-12,Customer Changed Mind
O058088,2024-05-09,Customer Changed Mind
O058131,2024-12-07,Wrong Product
O058136,2023-12-30,Wrong Product
O058148,2024-05-05,Late Delivery
O058158,2023-02-11,Damaged
O058160,2024-10-28,Quality Issue
O058189,2024-06-29,Quality Issue
O058202,2026-01-01,Quality Issue
O058223,2024-12-13,Late Delivery
O058230,2023-04-30,Damaged
O058244,2024-10-25,Wrong Product
O058258,2025-06-02,Wrong Product
O058276,2024-03-18,Customer Changed Mind
O058289,2025-11-14,Customer Changed Mind
O058291,2025-08-06,Damaged
O058301,2024-09-11,Late Delivery
O058311,2025-11-18,Quality Issue
O058319,2025-11-02,Customer Changed Mind
O058352,2024-02-23,Wrong Product
O058356,2025-02-05,Damaged
O058357,2025-01-08,Late Delivery
O058365,2024-08-16,Wrong Product
O058397,2023-11-11,Wrong Product
O058398,2024-03-13,Quality Issue
O058421,2025-09-25,Customer Changed Mind
O058430,2024-06-13,Wrong Product
O058443,2025-03-01,Customer Changed Mind
O058447,2023-10-21,Quality Issue
O058451,2024-01-27,Customer Changed Mind
O058453,2023-07-07,Quality Issue
O058464,2023-10-12,Wrong Product
O058468,2023-07-21,Customer Changed Mind
O058481,2025-10-15,Wrong Product
O058486,2023-12-14,Late Delivery
O058499,2025-07-11,Customer Changed Mind
O058513,2023-06-26,Late Delivery
O058529,2025-02-19,Wrong Product
O058535,2023-06-28,Wrong Product
O058537,2023-01-12,Wrong Product
O058554,2023-08-11,Customer Changed Mind
O058560,2024-12-10,Wrong Product
O058575,2025-12-02,Wrong Product
O058583,2023-07-21,Late Delivery
O058607,2024-01-13,Customer Changed Mind
O058625,2025-02-01,Damaged
O058630,2025-07-18,Quality Issue
O058632,2023-02-20,Quality Issue
O058637,2025-03-19,Quality Issue
O058638,2024-05-18,Late Delivery
O058660,2023-06-08,Wrong Product
O058669,2024-06-09,Late Delivery
O058684,2024-03-31,Late Delivery
O058688,2025-07-20,Late Delivery
O058695,2023-04-15,Late Delivery
O058708,2024-10-10,Quality Issue
O058724,2025-01-06,Quality Issue
O058756,2025-05-30,Damaged
O058764,2025-01-25,Wrong Product
O058771,2025-03-30,Damaged
O058779,2024-10-04,Quality Issue
O058780,2023-06-18,Wrong Product
O058798,2024-04-06,Quality Issue
O058805,2023-06-25,Customer Changed Mind
O058815,2025-02-07,Late Delivery
O058820,2023-10-13,Damaged
O058822,2023-07-01,Late Delivery
O058843,2024-10-25,Quality Issue
O058844,2024-01-13,Damaged
O058860,2025-12-15,Damaged
O058863,2025-01-23,Late Delivery
O058865,2025-01-26,Wrong Product
O058866,2023-11-09,Damaged
O058882,2025-09-08,Customer Changed Mind
O058933,2025-05-28,Damaged
O058947,2024-04-18,Late Delivery
O058949,2025-01-09,Customer Changed Mind
O058964,2024-01-24,Customer Changed Mind
O058977,2023-12-23,Quality Issue
O058986,2025-02-03,Late Delivery
O058999,2025-04-05,Quality Issue
O059007,2023-08-06,Customer Changed Mind
O059018,2023-02-01,Damaged
O059020,2023-06-29,Damaged
O059021,2024-07-03,Damaged
O059024,2025-05-04,Late Delivery
O059025,2024-08-13,Late Delivery
O059026,2025-09-20,Quality Issue
O059029,2023-04-05,Quality Issue
O059065,2023-12-11,Customer Changed Mind
O059086,2025-07-04,Quality Issue
O059103,2024-03-14,Wrong Product
O059125,2023-06-25,Customer Changed Mind
O059145,2025-12-16,Damaged
O059161,2023-12-11,Damaged
O059171,2024-06-12,Customer Changed Mind
O059185,2024-09-03,Quality Issue
O059210,2025-11-10,Wrong Product
O059219,2023-08-01,Customer Changed Mind
O059240,2025-03-05,Customer Changed Mind
O059241,2023-02-14,Wrong Product
O059248,2024-11-16,Late Delivery
O059266,2024-04-28,Late Delivery
O059270,2025-08-18,Wrong Product
O059273,2024-12-14,Wrong Product
O059279,2024-02-01,Wrong Product
O059307,2023-09-18,Quality Issue
O059326,2025-04-14,Quality Issue
O059328,2025-11-30,Wrong Product
O059340,2025-02-23,Damaged
O059368,2023-06-02,Late Delivery
O059374,2024-08-18,Late Delivery
O059382,2025-03-24,Damaged
O059387,2023-08-04,Wrong Product
O059388,2023-03-22,Late Delivery
O059394,2023-07-15,Late Delivery
O059408,2025-02-08,Wrong Product
O059419,2025-06-05,Wrong Product
O059428,2025-12-01,Late Delivery
O059432,2025-01-22,Quality Issue
O059443,2023-10-21,Late Delivery
O059444,2025-07-18,Quality Issue
O059491,2023-09-05,Late Delivery
O059502,2024-01-27,Damaged
O059512,2023-12-15,Wrong Product
O059516,2024-04-04,Damaged
O059534,2024-06-06,Customer Changed Mind
O059542,2024-04-10,Customer Changed Mind
O059543,2025-10-05,Customer Changed Mind
O059554,2023-04-24,Wrong Product
O059567,2023-10-05,Damaged
O059578,2023-09-08,Damaged
O059579,2023-06-06,Damaged
O059581,2024-08-20,Wrong Product
O059599,2025-10-25,Customer Changed Mind
O059611,2025-11-16,Late Delivery
O059647,2025-01-11,Wrong Product
O059667,2023-10-30,Quality Issue
O059687,2024-11-02,Wrong Product
O059697,2025-09-17,Customer Changed Mind
O059702,2024-08-26,Late Delivery
O059715,2024-03-16,Customer Changed Mind
O059737,2024-01-24,Late Delivery
O059738,2025-06-29,Quality Issue
O059742,2023-11-15,Late Delivery
O059743,2024-01-27,Quality Issue
O059747,2025-09-18,Late Delivery
O059748,2024-09-27,Wrong Product
O059752,2023-03-04,Wrong Product
O059754,2025-06-30,Late Delivery
O059760,2025-02-28,Quality Issue
O059765,2025-06-19,Damaged
O059769,2024-10-26,Damaged
O059770,2024-07-29,Damaged
O059789,2023-08-08,Late Delivery
O059795,2024-06-17,Customer Changed Mind
O059801,2024-09-01,Quality Issue
O059817,2025-07-08,Customer Changed Mind
O059823,2025-12-04,Quality Issue
O059848,2025-05-31,Damaged
O059854,2023-05-26,Quality Issue
O059863,2023-01-07,Customer Changed Mind
O059864,2025-11-23,Wrong Product
O059879,2024-11-08,Wrong Product
O059897,2024-07-22,Wrong Product
O059915,2023-03-02,Damaged
O059924,2024-03-12,Wrong Product
O059930,2023-07-17,Wrong Product
O059936,2025-09-16,Wrong Product
O059969,2024-08-12,Customer Changed Mind
O059978,2023-04-19,Damaged
O059997,2025-03-13,Damaged
O060029,2023-02-02,Quality Issue
O060048,2023-03-04,Quality Issue
O060051,2024-09-29,Damaged
O060059,2023-05-29,Damaged
O060060,2023-02-11,Wrong Product
O060061,2023-09-11,Quality Issue
O060067,2023-12-15,Customer Changed Mind
O060082,2025-05-03,Wrong Product
O060127,2023-01-05,Wrong Product
O060130,2024-09-21,Damaged
O060136,2024-09-12,Customer Changed Mind
O060149,2024-05-07,Quality Issue
O060165,2025-09-12,Customer Changed Mind
O060180,2023-12-20,Late Delivery
O060184,2025-10-24,Wrong Product
O060191,2025-01-10,Quality Issue
O060233,2023-12-10,Wrong Product
O060244,2023-11-03,Damaged
O060251,2025-12-21,Damaged
O060280,2025-11-07,Damaged
O060284,2023-03-19,Wrong Product
O060296,2024-03-22,Late Delivery
O060306,2023-06-03,Wrong Product
O060312,2024-06-03,Quality Issue
O060330,2025-02-08,Quality Issue
O060336,2023-06-18,Quality Issue
O060349,2025-04-04,Customer Changed Mind
O060358,2023-11-21,Customer Changed Mind
O060376,2024-03-15,Quality Issue
O060378,2024-10-22,Late Delivery
O060414,2024-10-14,Late Delivery
O060416,2025-10-19,Wrong Product
O060418,2025-10-07,Customer Changed Mind
O060425,2023-02-09,Late Delivery
O060446,2025-07-13,Quality Issue
O060459,2023-02-22,Wrong Product
O060486,2025-03-22,Wrong Product
O060507,2023-02-26,Customer Changed Mind
O060516,2025-04-13,Late Delivery
O060520,2023-02-24,Damaged
O060541,2025-11-18,Late Delivery
O060555,2023-02-08,Damaged
O060571,2024-08-15,Late Delivery
O060586,2025-11-04,Damaged
O060594,2024-11-18,Damaged
O060596,2023-10-23,Damaged
O060599,2024-12-31,Customer Changed Mind
O060614,2024-05-01,Quality Issue
O060640,2025-11-01,Quality Issue
O060654,2025-10-24,Customer Changed Mind
O060691,2024-07-20,Quality Issue
O060713,2023-01-27,Damaged
O060719,2024-01-03,Customer Changed Mind
O060722,2025-09-03,Customer Changed Mind
O060732,2025-09-29,Quality Issue
O060756,2023-11-29,Damaged
O060762,2024-05-15,Damaged
O060772,2023-04-14,Late Delivery
O060776,2024-10-04,Damaged
O060783,2025-02-10,Quality Issue
O060789,2023-06-18,Quality Issue
O060803,2024-05-19,Customer Changed Mind
O060831,2023-09-21,Quality Issue
O060851,2024-02-04,Quality Issue
O060853,2025-10-15,Damaged
O060860,2023-09-26,Late Delivery
O060874,2025-11-14,Customer Changed Mind
O060886,2024-05-20,Late Delivery
O060893,2024-12-30,Customer Changed Mind
O060899,2024-03-10,Wrong Product
O060913,2025-11-19,Quality Issue
O060924,2024-07-03,Wrong Product
O060945,2024-09-14,Quality Issue
O060949,2024-01-27,Customer Changed Mind
O060975,2024-07-14,Quality Issue
O060995,2025-03-26,Customer Changed Mind
O060997,2023-10-11,Late Delivery
O061001,2023-09-05,Damaged
O061036,2024-06-10,Wrong Product
O061051,2024-05-25,Late Delivery
O061053,2024-06-30,Quality Issue
O061056,2025-07-01,Quality Issue
O061064,2025-09-10,Damaged
O061071,2023-05-02,Late Delivery
O061080,2025-09-10,Late Delivery
O061082,2023-02-27,Damaged
O061097,2025-08-02,Damaged
O061104,2025-08-31,Wrong Product
O061107,2025-06-05,Customer Changed Mind
O061121,2025-12-23,Customer Changed Mind
O061149,2024-03-11,Customer Changed Mind
O061150,2025-03-23,Late Delivery
O061157,2023-02-20,Customer Changed Mind
O061160,2025-02-26,Wrong Product
O061188,2023-10-22,Quality Issue
O061199,2024-09-25,Quality Issue
O061204,2025-11-03,Quality Issue
O061213,2025-04-30,Quality Issue
O061229,2023-10-10,Quality Issue
O061231,2023-07-31,Late Delivery
O061248,2024-01-16,Late Delivery
O061261,2023-09-18,Damaged
O061262,2023-12-20,Late Delivery
O061272,2024-12-05,Quality Issue
O061298,2025-08-19,Late Delivery
O061301,2024-04-04,Wrong Product
O061304,2025-08-17,Wrong Product
O061321,2023-02-06,Quality Issue
O061327,2024-05-14,Customer Changed Mind
O061332,2023-12-26,Quality Issue
O061341,2024-03-21,Damaged
O061409,2025-10-05,Customer Changed Mind
O061428,2024-01-28,Wrong Product
O061434,2024-06-25,Customer Changed Mind
O061438,2023-10-30,Late Delivery
O061452,2023-08-07,Quality Issue
O061453,2024-01-22,Damaged
O061470,2025-05-16,Customer Changed Mind
O061484,2025-01-06,Wrong Product
O061485,2025-03-16,Damaged
O061491,2024-08-20,Customer Changed Mind
O061495,2025-11-02,Wrong Product
O061502,2023-01-21,Wrong Product
O061529,2025-06-30,Wrong Product
O061550,2023-09-03,Customer Changed Mind
O061572,2023-08-01,Wrong Product
O061621,2023-07-11,Wrong Product
O061647,2023-08-07,Customer Changed Mind
O061661,2024-07-21,Wrong Product
O061665,2025-08-12,Quality Issue
O061672,2025-07-21,Wrong Product
O061699,2024-04-05,Late Delivery
O061701,2024-04-11,Late Delivery
O061705,2024-02-20,Late Delivery
O061712,2024-02-29,Damaged
O061718,2025-06-11,Customer Changed Mind
O061743,2024-11-15,Late Delivery
O061750,2025-02-13,Customer Changed Mind
O061766,2025-04-02,Customer Changed Mind
O061771,2025-09-05,Quality Issue
O061772,2023-05-27,Quality Issue
O061774,2024-09-03,Wrong Product
O061779,2024-06-12,Late Delivery
O061784,2025-11-23,Quality Issue
O061788,2024-06-20,Damaged
O061800,2025-03-23,Late Delivery
O061811,2024-10-22,Quality Issue
O061817,2025-09-09,Wrong Product
O061828,2024-01-29,Damaged
O061840,2023-09-17,Customer Changed Mind
O061874,2023-11-30,Customer Changed Mind
O061902,2023-02-21,Quality Issue
O061953,2024-11-03,Damaged
O061977,2025-11-27,Late Delivery
O062008,2025-05-16,Customer Changed Mind
O062009,2025-12-14,Quality Issue
O062018,2025-03-23,Wrong Product
O062028,2024-12-07,Damaged
O062047,2023-10-07,Late Delivery
O062048,2023-11-21,Wrong Product
O062054,2023-06-09,Customer Changed Mind
O062098,2025-06-19,Wrong Product
O062102,2023-01-29,Late Delivery
O062110,2024-07-06,Damaged
O062113,2024-03-12,Customer Changed Mind
O062116,2025-04-07,Quality Issue
O062119,2024-01-30,Wrong Product
O062136,2023-05-04,Wrong Product
O062139,2025-04-20,Late Delivery
O062142,2024-08-18,Quality Issue
O062177,2023-04-26,Customer Changed Mind
O062179,2024-12-05,Quality Issue
O062183,2025-04-22,Damaged
O062185,2023-01-14,Customer Changed Mind
O062191,2023-02-24,Customer Changed Mind
O062193,2025-08-10,Damaged
O062194,2025-03-04,Late Delivery
O062198,2024-08-09,Damaged
O062208,2025-05-30,Damaged
O062211,2024-11-06,Quality Issue
O062217,2025-08-26,Quality Issue
O062257,2024-08-22,Wrong Product
O062261,2024-10-20,Quality Issue
O062264,2025-07-11,Damaged
O062266,2024-03-02,Damaged
O062280,2024-02-04,Wrong Product
O062302,2023-09-12,Customer Changed Mind
O062311,2024-08-20,Wrong Product
O062322,2024-09-11,Wrong Product
O062332,2025-02-16,Customer Changed Mind
O062355,2024-11-16,Wrong Product
O062398,2024-12-12,Damaged
O062417,2023-11-01,Damaged
O062428,2024-10-15,Customer Changed Mind
O062435,2025-08-21,Late Delivery
O062436,2023-02-27,Customer Changed Mind
O062447,2023-09-01,Damaged
O062473,2023-08-23,Quality Issue
O062484,2024-03-17,Quality Issue
O062486,2023-09-28,Customer Changed Mind
O062489,2025-06-07,Late Delivery
O062508,2025-07-03,Damaged
O062523,2024-10-08,Quality Issue
O062526,2024-10-22,Quality Issue
O062558,2024-09-06,Customer Changed Mind
O062572,2024-08-20,Damaged
O062574,2024-01-05,Wrong Product
O062586,2024-06-17,Late Delivery
O062597,2025-04-01,Late Delivery
O062603,2025-11-02,Quality Issue
O062614,2023-02-07,Wrong Product
O062630,2025-04-25,Damaged
O062635,2023-04-05,Late Delivery
O062637,2025-07-18,Wrong Product
O062654,2025-01-14,Customer Changed Mind
O062666,2023-03-28,Damaged
O062671,2024-07-31,Quality Issue
O062675,2025-03-05,Damaged
O062700,2025-09-21,Customer Changed Mind
O062704,2024-10-12,Quality Issue
O062707,2025-01-29,Damaged
O062709,2023-06-12,Late Delivery
O062740,2025-08-25,Customer Changed Mind
O062744,2025-02-08,Damaged
O062748,2023-11-09,Quality Issue
O062754,2025-03-22,Wrong Product
O062762,2025-09-23,Customer Changed Mind
O062772,2024-05-04,Wrong Product
O062796,2023-10-23,Damaged
O062811,2025-09-17,Damaged
O062812,2023-05-14,Quality Issue
O062830,2023-04-27,Quality Issue
O062859,2023-03-17,Quality Issue
O062861,2023-10-31,Wrong Product
O062866,2025-03-18,Wrong Product
O062898,2025-08-28,Customer Changed Mind
O062899,2025-07-06,Late Delivery
O062915,2023-05-16,Customer Changed Mind
O062957,2023-11-13,Customer Changed Mind
O062982,2024-11-16,Wrong Product
O062985,2023-07-27,Customer Changed Mind
O062998,2023-03-08,Quality Issue
O063002,2025-09-10,Damaged
O063008,2023-06-12,Late Delivery
O063024,2024-12-12,Customer Changed Mind
O063026,2023-07-16,Quality Issue
O063037,2025-12-06,Late Delivery
O063040,2025-11-23,Late Delivery
O063052,2024-11-14,Damaged
O063126,2025-02-24,Wrong Product
O063131,2023-02-23,Quality Issue
O063155,2023-02-01,Damaged
O063160,2023-02-23,Late Delivery
O063167,2025-02-18,Customer Changed Mind
O063171,2025-10-25,Customer Changed Mind
O063172,2023-03-03,Late Delivery
O063176,2024-05-08,Wrong Product
O063188,2023-02-13,Customer Changed Mind
O063191,2023-11-20,Quality Issue
O063203,2025-08-31,Quality Issue
O063208,2025-08-24,Customer Changed Mind
O063219,2025-08-25,Wrong Product
O063249,2025-03-27,Quality Issue
O063259,2024-04-22,Late Delivery
O063275,2025-08-25,Quality Issue
O063279,2024-07-26,Late Delivery
O063287,2025-04-04,Quality Issue
O063306,2024-06-19,Wrong Product
O063327,2025-06-14,Late Delivery
O063329,2025-02-15,Late Delivery
O063347,2023-12-14,Quality Issue
O063351,2023-09-18,Customer Changed Mind
O063355,2024-08-12,Wrong Product
O063358,2023-04-02,Damaged
O063359,2024-01-29,Damaged
O063361,2024-11-05,Late Delivery
O063369,2025-02-19,Wrong Product
O063383,2024-12-09,Late Delivery
O063393,2023-12-16,Late Delivery
O063397,2023-05-19,Customer Changed Mind
O063428,2023-12-31,Quality Issue
O063443,2023-03-08,Late Delivery
O063455,2024-09-26,Customer Changed Mind
O063460,2023-09-25,Late Delivery
O063464,2025-07-28,Quality Issue
O063472,2025-11-13,Quality Issue
O063476,2023-10-01,Quality Issue
O063482,2024-02-13,Customer Changed Mind
O063489,2024-04-12,Wrong Product
O063490,2023-12-03,Damaged
O063491,2024-07-23,Customer Changed Mind
O063540,2023-12-12,Quality Issue
O063549,2025-04-17,Wrong Product
O063552,2025-12-19,Late Delivery
O063564,2025-01-12,Customer Changed Mind
O063575,2023-12-07,Wrong Product
O063588,2023-02-21,Damaged
O063614,2023-02-19,Wrong Product
O063632,2025-04-05,Customer Changed Mind
O063634,2025-01-29,Late Delivery
O063639,2025-02-05,Late Delivery
O063646,2024-09-27,Customer Changed Mind
O063651,2023-05-14,Damaged
O063657,2023-09-15,Damaged
O063693,2024-10-10,Damaged
O063702,2025-12-11,Damaged
O063709,2025-07-03,Wrong Product
O063729,2024-07-13,Customer Changed Mind
O063735,2025-10-09,Late Delivery
O063740,2025-11-11,Late Delivery
O063742,2024-04-15,Wrong Product
O063745,2024-08-03,Wrong Product
O063749,2024-05-10,Quality Issue
O063787,2024-03-07,Damaged
O063805,2024-02-27,Wrong Product
O063813,2025-10-12,Quality Issue
O063824,2025-01-15,Wrong Product
O063851,2023-11-04,Wrong Product
O063918,2024-09-22,Customer Changed Mind
O063926,2025-01-13,Customer Changed Mind
O063930,2023-03-29,Quality Issue
O063944,2025-08-29,Quality Issue
O063948,2024-08-22,Customer Changed Mind
O063950,2025-02-18,Wrong Product
O063960,2023-12-26,Quality Issue
O064019,2025-05-22,Customer Changed Mind
O064022,2024-10-15,Wrong Product
O064029,2025-06-30,Wrong Product
O064032,2024-07-29,Quality Issue
O064035,2025-05-23,Damaged
O064040,2023-09-08,Late Delivery
O064045,2023-12-01,Late Delivery
O064074,2025-04-06,Quality Issue
O064080,2023-12-07,Late Delivery
O064120,2023-06-20,Wrong Product
O064130,2025-11-09,Late Delivery
O064133,2023-04-10,Late Delivery
O064141,2023-06-20,Damaged
O064143,2023-09-19,Wrong Product
O064149,2023-02-27,Damaged
O064150,2023-12-25,Quality Issue
O064158,2025-09-19,Quality Issue
O064171,2023-02-15,Quality Issue
O064185,2025-05-24,Quality Issue
O064187,2025-02-16,Damaged
O064188,2025-10-13,Customer Changed Mind
O064219,2023-03-18,Late Delivery
O064226,2025-04-17,Late Delivery
O064232,2025-09-28,Quality Issue
O064233,2025-02-14,Damaged
O064239,2025-01-15,Damaged
O064266,2025-10-10,Customer Changed Mind
O064282,2025-06-29,Late Delivery
O064301,2025-10-09,Damaged
O064303,2025-08-20,Wrong Product
O064309,2023-07-28,Wrong Product
O064322,2025-08-23,Late Delivery
O064336,2023-01-12,Customer Changed Mind
O064340,2024-09-05,Damaged
O064388,2025-04-04,Quality Issue
O064408,2023-07-10,Wrong Product
O064420,2023-09-26,Quality Issue
O064427,2024-02-20,Customer Changed Mind
O064430,2025-12-25,Damaged
O064440,2024-04-08,Quality Issue
O064455,2023-02-24,Late Delivery
O064475,2024-10-20,Quality Issue
O064482,2024-04-09,Quality Issue
O064491,2023-01-19,Quality Issue
O064498,2023-06-15,Quality Issue
O064503,2023-03-09,Late Delivery
O064506,2024-02-14,Customer Changed Mind
O064527,2024-12-03,Customer Changed Mind
O064528,2023-02-24,Quality Issue
O064529,2024-01-20,Customer Changed Mind
O064607,2025-12-22,Customer Changed Mind
O064608,2023-03-28,Late Delivery
O064612,2024-06-20,Quality Issue
O064618,2025-04-25,Damaged
O064627,2024-05-31,Late Delivery
O064642,2025-03-27,Quality Issue
O064648,2025-05-17,Damaged
O064661,2023-03-28,Late Delivery
O064671,2024-01-29,Damaged
O064691,2025-09-20,Late Delivery
O064727,2025-02-21,Customer Changed Mind
O064780,2025-05-06,Late Delivery
O064787,2024-06-19,Quality Issue
O064793,2024-09-27,Quality Issue
O064810,2023-02-19,Late Delivery
O064822,2025-02-15,Wrong Product
O064842,2025-01-24,Customer Changed Mind
O064844,2024-10-16,Wrong Product
O064854,2025-08-03,Damaged
O064864,2023-09-22,Late Delivery
O064866,2025-12-23,Wrong Product
O064884,2024-10-08,Wrong Product
O064892,2023-11-21,Late Delivery
O064899,2025-01-03,Wrong Product
O064947,2025-02-23,Customer Changed Mind
O064969,2024-09-25,Quality Issue
O064995,2023-02-13,Late Delivery
O065001,2023-11-02,Damaged
O065024,2023-09-24,Wrong Product
O065044,2024-12-22,Late Delivery
O065061,2025-01-02,Damaged
O065071,2024-09-01,Damaged
O065076,2023-04-26,Customer Changed Mind
O065086,2025-10-04,Customer Changed Mind
O065133,2024-03-30,Quality Issue
O065134,2025-12-29,Late Delivery
O065158,2025-12-28,Damaged
O065164,2025-02-04,Quality Issue
O065169,2024-09-25,Wrong Product
O065170,2023-07-16,Wrong Product
O065183,2024-02-22,Customer Changed Mind
O065186,2023-12-25,Late Delivery
O065193,2024-04-28,Customer Changed Mind
O065198,2023-02-25,Customer Changed Mind
O065223,2024-01-23,Damaged
O065225,2025-01-30,Damaged
O065233,2024-03-09,Late Delivery
O065235,2024-06-09,Customer Changed Mind
O065273,2023-04-23,Customer Changed Mind
O065283,2023-07-12,Damaged
O065289,2023-12-12,Quality Issue
O065291,2023-07-22,Customer Changed Mind
O065305,2025-04-08,Wrong Product
O065318,2023-08-01,Wrong Product
O065349,2024-10-07,Quality Issue
O065351,2023-05-29,Wrong Product
O065379,2023-06-11,Wrong Product
O065404,2024-02-05,Quality Issue
O065414,2023-07-10,Wrong Product
O065442,2025-11-18,Damaged
O065460,2025-07-02,Customer Changed Mind
O065484,2023-08-25,Wrong Product
O065485,2023-05-29,Damaged
O065490,2025-10-05,Wrong Product
O065505,2025-05-03,Damaged
O065529,2023-10-12,Customer Changed Mind
O065564,2024-01-25,Damaged
O065588,2023-09-23,Damaged
O065591,2024-10-16,Quality Issue
O065602,2023-10-07,Damaged
O065610,2024-01-25,Wrong Product
O065614,2023-05-10,Late Delivery
O065680,2024-07-15,Customer Changed Mind
O065698,2026-01-03,Quality Issue
O065708,2024-06-20,Wrong Product
O065720,2024-06-11,Damaged
O065729,2023-04-23,Wrong Product
O065732,2023-08-14,Customer Changed Mind
O065737,2023-10-16,Late Delivery
O065745,2025-10-16,Wrong Product
O065746,2023-03-18,Quality Issue
O065762,2023-06-22,Quality Issue
O065763,2023-12-15,Late Delivery
O065764,2023-08-12,Late Delivery
O065769,2023-05-20,Damaged
O065792,2024-07-08,Quality Issue
O065799,2025-01-06,Wrong Product
O065802,2024-02-25,Late Delivery
O065805,2023-12-09,Late Delivery
O065819,2024-11-16,Late Delivery
O065832,2025-04-02,Wrong Product
O065845,2023-09-12,Late Delivery
O065857,2025-10-22,Late Delivery
O065863,2023-06-25,Damaged
O065883,2023-09-24,Wrong Product
O065889,2024-11-02,Late Delivery
O065893,2024-02-26,Quality Issue
O065898,2025-02-01,Quality Issue
O065902,2023-10-11,Wrong Product
O065911,2024-10-15,Late Delivery
O065917,2023-02-13,Customer Changed Mind
O065931,2023-11-24,Quality Issue
O065955,2023-12-16,Damaged
O065996,2024-11-26,Quality Issue
O066017,2024-03-18,Damaged
O066057,2025-03-15,Late Delivery
O066088,2024-12-20,Wrong Product
O066097,2024-09-09,Customer Changed Mind
O066112,2024-09-30,Quality Issue
O066124,2025-07-02,Late Delivery
O066131,2024-03-24,Wrong Product
O066137,2024-04-01,Quality Issue
O066151,2023-12-15,Quality Issue
O066161,2025-07-29,Customer Changed Mind
O066180,2025-05-16,Wrong Product
O066231,2024-06-17,Late Delivery
O066250,2024-04-22,Late Delivery
O066267,2023-01-29,Damaged
O066268,2023-11-19,Customer Changed Mind
O066279,2025-05-01,Customer Changed Mind
O066298,2023-03-15,Wrong Product
O066326,2025-04-01,Damaged
O066329,2023-02-28,Customer Changed Mind
O066336,2024-12-16,Customer Changed Mind
O066338,2025-08-08,Customer Changed Mind
O066345,2024-12-04,Quality Issue
O066354,2025-02-20,Quality Issue
O066359,2023-07-16,Quality Issue
O066376,2023-11-16,Late Delivery
O066382,2024-09-27,Customer Changed Mind
O066417,2023-09-24,Late Delivery
O066442,2023-02-26,Wrong Product
O066450,2025-02-12,Wrong Product
O066453,2024-11-01,Late Delivery
O066454,2023-10-16,Quality Issue
O066460,2023-05-01,Customer Changed Mind
O066463,2024-07-31,Late Delivery
O066465,2024-11-11,Wrong Product
O066486,2025-11-29,Quality Issue
O066515,2025-09-18,Damaged
O066517,2025-08-23,Quality Issue
O066519,2025-01-18,Wrong Product
O066545,2023-12-27,Late Delivery
O066564,2024-01-05,Quality Issue
O066578,2024-11-08,Quality Issue
O066580,2023-03-22,Customer Changed Mind
O066643,2025-09-06,Wrong Product
O066658,2025-04-14,Damaged
O066668,2023-08-18,Late Delivery
O066686,2025-11-20,Wrong Product
O066687,2025-09-18,Damaged
O066690,2024-12-04,Customer Changed Mind
O066692,2025-05-09,Customer Changed Mind
O066712,2023-01-22,Quality Issue
O066717,2024-01-19,Customer Changed Mind
O066736,2024-05-03,Wrong Product
O066771,2024-05-25,Late Delivery
O066792,2025-09-17,Damaged
O066796,2025-06-23,Quality Issue
O066806,2026-01-05,Damaged
O066807,2023-04-23,Damaged
O066831,2023-12-30,Quality Issue
O066841,2024-02-11,Customer Changed Mind
O066864,2024-10-19,Quality Issue
O066872,2024-04-23,Wrong Product
O066875,2024-11-05,Customer Changed Mind
O066881,2025-07-04,Quality Issue
O066885,2025-07-20,Damaged
O066902,2025-09-16,Customer Changed Mind
O066915,2024-05-20,Damaged
O066931,2025-08-30,Late Delivery
O066936,2024-02-19,Quality Issue
O066938,2024-10-06,Late Delivery
O066946,2024-06-10,Wrong Product
O066947,2025-10-22,Customer Changed Mind
O066996,2025-01-07,Quality Issue
O066998,2025-02-02,Damaged
O067007,2023-12-25,Wrong Product
O067020,2025-06-12,Wrong Product
O067023,2024-01-10,Quality Issue
O067060,2023-03-22,Customer Changed Mind
O067063,2023-09-06,Wrong Product
O067073,2023-05-01,Wrong Product
O067114,2024-08-27,Late Delivery
O067120,2025-12-11,Quality Issue
O067132,2023-04-16,Damaged
O067151,2023-04-25,Quality Issue
O067190,2025-10-14,Damaged
O067198,2023-08-01,Customer Changed Mind
O067221,2024-09-28,Late Delivery
O067264,2024-10-19,Customer Changed Mind
O067274,2023-07-13,Late Delivery
O067276,2025-09-01,Customer Changed Mind
O067300,2024-10-17,Wrong Product
O067315,2025-08-13,Wrong Product
O067318,2023-12-02,Late Delivery
O067340,2024-07-29,Quality Issue
O067377,2025-06-05,Customer Changed Mind
O067382,2023-12-02,Quality Issue
O067392,2025-11-09,Customer Changed Mind
O067414,2023-06-21,Wrong Product
O067425,2024-02-23,Damaged
O067441,2023-03-23,Wrong Product
O067447,2024-12-01,Wrong Product
O067455,2024-04-09,Customer Changed Mind
O067508,2025-02-10,Damaged
O067509,2024-07-01,Damaged
O067514,2023-02-14,Damaged
O067521,2025-08-29,Customer Changed Mind
O067526,2023-03-25,Damaged
O067534,2024-10-21,Damaged
O067539,2023-08-13,Damaged
O067544,2023-06-16,Quality Issue
O067546,2024-01-16,Damaged
O067560,2023-11-01,Quality Issue
O067583,2024-09-02,Wrong Product
O067596,2023-06-28,Damaged
O067604,2024-07-10,Late Delivery
O067618,2023-04-21,Late Delivery
O067647,2024-02-20,Wrong Product
O067661,2024-08-12,Quality Issue
O067672,2025-10-25,Damaged
O067691,2025-10-19,Customer Changed Mind
O067695,2023-10-04,Quality Issue
O067697,2025-08-29,Quality Issue
O067702,2023-02-19,Wrong Product
O067705,2025-12-03,Customer Changed Mind
O067715,2023-02-18,Late Delivery
O067716,2024-01-06,Customer Changed Mind
O067718,2023-02-06,Wrong Product
O067731,2025-03-16,Damaged
O067735,2023-10-21,Wrong Product
O067740,2024-11-17,Wrong Product
O067744,2023-10-17,Customer Changed Mind
O067760,2023-12-12,Quality Issue
O067775,2025-04-24,Late Delivery
O067793,2024-05-15,Late Delivery
O067801,2023-09-07,Late Delivery
O067808,2023-10-17,Quality Issue
O067818,2024-12-21,Quality Issue
O067842,2023-11-06,Damaged
O067875,2025-06-04,Wrong Product
O067888,2025-02-19,Wrong Product
O067914,2024-07-17,Quality Issue
O067939,2025-03-16,Customer Changed Mind
O067967,2026-01-06,Wrong Product
O067976,2023-12-07,Wrong Product
O067990,2024-03-15,Quality Issue
O068014,2025-04-15,Damaged
O068018,2025-12-03,Damaged
O068043,2023-02-03,Wrong Product
O068068,2024-05-28,Damaged
O068095,2024-02-15,Damaged
O068119,2025-07-19,Late Delivery
O068132,2023-12-31,Wrong Product
O068135,2025-08-14,Customer Changed Mind
O068149,2024-05-05,Wrong Product
O068158,2023-07-25,Late Delivery
O068161,2025-02-13,Wrong Product
O068185,2024-07-03,Customer Changed Mind
O068192,2023-03-19,Quality Issue
O068200,2025-01-14,Wrong Product
O068207,2024-11-15,Wrong Product
O068221,2023-05-06,Customer Changed Mind
O068236,2023-09-16,Customer Changed Mind
O068237,2024-05-03,Late Delivery
O068247,2023-01-29,Late Delivery
O068251,2023-05-30,Wrong Product
O068255,2023-09-08,Customer Changed Mind
O068286,2024-09-11,Late Delivery
O068306,2024-05-27,Late Delivery
O068310,2024-01-02,Late Delivery
O068312,2024-04-19,Quality Issue
O068321,2023-07-01,Damaged
O068327,2023-02-11,Wrong Product
O068359,2023-09-29,Damaged
O068376,2024-10-26,Damaged
O068390,2024-01-28,Customer Changed Mind
O068396,2025-02-15,Wrong Product
O068401,2024-08-16,Damaged
O068406,2024-09-27,Wrong Product
O068411,2024-10-31,Late Delivery
O068437,2024-08-24,Customer Changed Mind
O068439,2024-11-15,Quality Issue
O068449,2025-04-10,Late Delivery
O068457,2024-02-13,Customer Changed Mind
O068458,2023-04-02,Wrong Product
O068482,2025-02-15,Damaged
O068520,2023-09-20,Late Delivery
O068528,2025-05-19,Quality Issue
O068543,2023-09-11,Quality Issue
O068549,2023-03-10,Quality Issue
O068563,2024-06-06,Quality Issue
O068583,2023-03-16,Damaged
O068623,2025-12-02,Customer Changed Mind
O068647,2023-02-16,Wrong Product
O068649,2025-05-11,Damaged
O068655,2025-11-07,Wrong Product
O068658,2024-03-03,Wrong Product
O068664,2023-02-22,Quality Issue
O068669,2023-02-21,Wrong Product
O068677,2024-03-24,Quality Issue
O068698,2025-05-28,Quality Issue
O068711,2024-04-04,Damaged
O068765,2024-03-02,Quality Issue
O068817,2024-11-03,Late Delivery
O068853,2025-09-09,Wrong Product
O068875,2024-01-16,Wrong Product
O068888,2025-12-25,Customer Changed Mind
O068907,2024-11-01,Wrong Product
O068928,2024-09-27,Wrong Product
O068942,2023-01-23,Customer Changed Mind
O068949,2025-07-16,Wrong Product
O068952,2024-02-13,Customer Changed Mind
O068958,2025-05-20,Quality Issue
O068961,2025-07-02,Quality Issue
O068990,2024-05-17,Customer Changed Mind
O068995,2025-12-26,Damaged
O069027,2025-09-24,Late Delivery
O069047,2025-03-20,Late Delivery
O069048,2024-09-24,Damaged
O069052,2023-02-08,Damaged
O069057,2023-05-07,Wrong Product
O069078,2025-05-30,Late Delivery
O069086,2025-06-30,Customer Changed Mind
O069099,2024-08-01,Customer Changed Mind
O069104,2024-09-12,Late Delivery
O069120,2023-09-10,Late Delivery
O069124,2025-04-29,Customer Changed Mind
O069140,2023-08-03,Damaged
O069150,2024-10-15,Wrong Product
O069155,2025-02-10,Customer Changed Mind
O069172,2023-02-21,Wrong Product
O069186,2024-03-24,Damaged
O069192,2024-02-15,Wrong Product
O069202,2023-04-27,Damaged
O069221,2024-05-11,Damaged
O069237,2025-09-04,Customer Changed Mind
O069243,2025-08-08,Customer Changed Mind
O069246,2024-08-30,Damaged
O069260,2023-05-19,Wrong Product
O069273,2023-01-18,Quality Issue
O069286,2024-01-06,Quality Issue
O069287,2024-11-24,Damaged
O069309,2025-02-03,Wrong Product
O069325,2025-03-29,Quality Issue
O069333,2023-08-23,Damaged
O069342,2025-02-15,Wrong Product
O069344,2025-01-22,Wrong Product
O069372,2024-05-02,Damaged
O069385,2023-03-16,Wrong Product
O069432,2025-12-02,Quality Issue
O069438,2023-08-05,Late Delivery
O069448,2025-11-30,Damaged
O069458,2025-05-13,Wrong Product
O069496,2024-05-17,Wrong Product
O069511,2025-04-25,Customer Changed Mind
O069512,2024-12-10,Customer Changed Mind
O069549,2025-03-10,Customer Changed Mind
O069567,2023-04-28,Customer Changed Mind
O069586,2024-01-24,Late Delivery
O069594,2025-09-03,Quality Issue
O069607,2024-06-18,Late Delivery
O069627,2025-10-03,Quality Issue
O069628,2025-01-30,Damaged
O069635,2023-12-04,Wrong Product
O069669,2026-01-09,Customer Changed Mind
O069676,2023-07-29,Customer Changed Mind
O069685,2024-12-29,Late Delivery
O069729,2023-07-04,Customer Changed Mind
O069744,2023-09-24,Quality Issue
O069777,2023-08-23,Late Delivery
O069789,2025-08-22,Damaged
O069796,2023-02-04,Late Delivery
O069799,2025-10-26,Customer Changed Mind
O069806,2024-10-24,Wrong Product
O069814,2025-08-22,Wrong Product
O069827,2023-09-05,Late Delivery
O069833,2025-06-26,Quality Issue
O069834,2024-01-06,Customer Changed Mind
O069857,2023-06-03,Customer Changed Mind
O069877,2023-05-04,Damaged
O069885,2025-06-14,Quality Issue
O069886,2024-05-10,Customer Changed Mind
O069900,2023-12-07,Wrong Product
O069904,2025-07-09,Wrong Product
O069920,2023-04-29,Wrong Product
O069922,2025-12-27,Wrong Product
O069923,2025-06-04,Quality Issue
O069937,2024-08-05,Quality Issue
O069949,2023-08-03,Customer Changed Mind
O069961,2024-09-28,Late Delivery
O069963,2024-12-22,Late Delivery
O069979,2024-09-23,Late Delivery
O069992,2023-12-16,Damaged
O069995,2024-09-04,Late Delivery
O070000,2023-08-23,Damaged
O070011,2024-07-10,Damaged
O070023,2024-11-19,Wrong Product
O070061,2025-12-30,Damaged
O070068,2024-11-22,Quality Issue
O070079,2025-08-07,Quality Issue
O070093,2023-05-13,Damaged
O070122,2024-08-08,Damaged
O070126,2024-01-09,Quality Issue
O070179,2025-04-18,Quality Issue
O070196,2024-07-14,Late Delivery
O070202,2023-04-24,Wrong Product
O070212,2024-05-22,Customer Changed Mind
O070222,2023-11-13,Customer Changed Mind
O070236,2024-05-22,Late Delivery
O070250,2025-04-14,Quality Issue
O070252,2023-02-28,Customer Changed Mind
O070253,2024-03-05,Customer Changed Mind
O070262,2024-02-13,Damaged
O070265,2024-12-20,Damaged
O070302,2025-10-13,Late Delivery
O070318,2024-01-29,Quality Issue
O070343,2024-09-15,Quality Issue
O070345,2024-01-19,Wrong Product
O070395,2024-05-29,Wrong Product
O070411,2024-08-08,Damaged
O070433,2024-11-25,Wrong Product
O070449,2024-02-15,Damaged
O070452,2024-06-10,Late Delivery
O070456,2025-04-02,Customer Changed Mind
O070482,2025-06-10,Quality Issue
O070489,2023-10-06,Wrong Product
O070497,2023-04-19,Quality Issue
O070508,2025-05-16,Customer Changed Mind
O070537,2023-04-08,Late Delivery
O070544,2025-07-22,Quality Issue
O070580,2024-07-25,Damaged
O070599,2023-05-12,Customer Changed Mind
O070606,2025-03-29,Customer Changed Mind
O070607,2023-06-02,Damaged
O070630,2025-06-11,Late Delivery
O070644,2023-04-08,Customer Changed Mind
O070704,2025-03-22,Wrong Product
O070719,2024-10-18,Damaged
O070747,2023-04-07,Damaged
O070775,2023-01-11,Quality Issue
O070785,2025-11-28,Wrong Product
O070810,2024-04-14,Wrong Product
O070811,2025-02-28,Late Delivery
O070819,2025-04-22,Quality Issue
O070821,2024-06-30,Late Delivery
O070824,2025-03-19,Wrong Product
O070851,2025-04-17,Late Delivery
O070865,2024-09-04,Quality Issue
O070867,2024-10-29,Wrong Product
O070889,2023-05-08,Late Delivery
O070902,2025-05-18,Quality Issue
O070923,2023-11-03,Wrong Product
O070935,2024-10-01,Quality Issue
O070970,2025-11-28,Quality Issue
O070977,2025-11-26,Damaged
O070978,2025-02-17,Customer Changed Mind
O070982,2023-11-27,Late Delivery
O071004,2025-07-10,Quality Issue
O071008,2024-07-22,Damaged
O071032,2023-05-27,Wrong Product
O071054,2024-07-28,Quality Issue
O071064,2023-12-07,Quality Issue
O071065,2023-11-09,Customer Changed Mind
O071082,2023-10-06,Quality Issue
O071087,2025-10-07,Damaged
O071111,2025-04-16,Late Delivery
O071120,2023-08-26,Customer Changed Mind
O071123,2024-01-10,Damaged
O071127,2023-09-13,Customer Changed Mind
O071158,2025-10-09,Late Delivery
O071178,2025-04-16,Late Delivery
O071185,2023-09-19,Damaged
O071191,2024-05-17,Wrong Product
O071206,2024-04-07,Quality Issue
O071207,2025-05-28,Late Delivery
O071219,2024-11-21,Damaged
O071221,2025-03-07,Quality Issue
O071234,2024-06-11,Damaged
O071261,2023-02-27,Late Delivery
O071273,2023-07-30,Quality Issue
O071312,2024-11-23,Wrong Product
O071331,2024-01-29,Customer Changed Mind
O071332,2023-08-21,Damaged
O071337,2024-07-23,Damaged
O071357,2025-10-11,Wrong Product
O071390,2023-05-05,Quality Issue
O071391,2025-12-24,Late Delivery
O071400,2023-02-23,Quality Issue
O071408,2023-10-02,Wrong Product
O071409,2023-10-17,Wrong Product
O071427,2023-07-09,Quality Issue
O071442,2025-07-05,Late Delivery
O071453,2023-09-13,Quality Issue
O071468,2025-08-24,Late Delivery
O071475,2023-06-07,Quality Issue
O071509,2024-01-28,Wrong Product
O071531,2023-11-07,Wrong Product
O071541,2025-07-28,Damaged
O071573,2023-06-01,Damaged
O071577,2024-12-10,Damaged
O071581,2024-04-07,Customer Changed Mind
O071609,2025-09-16,Late Delivery
O071632,2025-05-02,Damaged
O071633,2023-04-03,Customer Changed Mind
O071634,2025-10-28,Damaged
O071639,2023-06-15,Damaged
O071676,2024-09-17,Damaged
O071685,2025-07-02,Damaged
O071692,2024-05-12,Quality Issue
O071701,2023-11-23,Damaged
O071702,2024-09-02,Damaged
O071712,2025-07-19,Late Delivery
O071728,2024-01-07,Damaged
O071737,2023-06-17,Wrong Product
O071746,2024-12-01,Wrong Product
O071761,2023-02-14,Damaged
O071801,2023-03-24,Customer Changed Mind
O071823,2024-09-11,Damaged
O071828,2026-01-12,Late Delivery
O071830,2024-10-22,Damaged
O071849,2025-12-31,Damaged
O071850,2023-08-30,Customer Changed Mind
O071852,2025-11-20,Wrong Product
O071876,2023-06-25,Late Delivery
O071878,2024-05-16,Customer Changed Mind
O071909,2025-02-18,Customer Changed Mind
O071918,2023-03-15,Customer Changed Mind
O071923,2025-09-01,Quality Issue
O071960,2023-11-19,Customer Changed Mind
O071968,2024-04-16,Customer Changed Mind
O071981,2023-09-06,Customer Changed Mind
O071983,2023-01-28,Late Delivery
O072000,2025-05-09,Customer Changed Mind
O072013,2023-06-14,Quality Issue
O072014,2023-02-25,Late Delivery
O072016,2023-06-25,Quality Issue
O072031,2023-03-19,Wrong Product
O072062,2024-11-23,Quality Issue
O072092,2024-05-23,Damaged
O072100,2024-07-21,Late Delivery
O072103,2024-11-29,Late Delivery
O072104,2024-11-21,Customer Changed Mind
O072124,2024-03-19,Late Delivery
O072131,2024-06-28,Late Delivery
O072144,2024-04-12,Customer Changed Mind
O072157,2025-07-06,Customer Changed Mind
O072169,2024-11-21,Late Delivery
O072173,2025-08-01,Late Delivery
O072176,2025-05-25,Quality Issue
O072177,2024-06-06,Late Delivery
O072182,2025-03-17,Damaged
O072188,2024-06-25,Quality Issue
O072192,2023-04-24,Damaged
O072202,2023-10-16,Wrong Product
O072232,2025-11-06,Customer Changed Mind
O072260,2023-04-20,Customer Changed Mind
O072265,2024-09-02,Customer Changed Mind
O072301,2025-09-06,Wrong Product
O072312,2025-06-07,Quality Issue
O072323,2024-02-10,Late Delivery
O072339,2025-07-12,Wrong Product
O072349,2025-04-03,Late Delivery
O072353,2025-11-08,Damaged
O072401,2024-03-08,Wrong Product
O072416,2024-07-25,Customer Changed Mind
O072434,2025-08-16,Wrong Product
O072447,2024-10-13,Damaged
O072497,2025-10-06,Quality Issue
O072512,2024-03-26,Late Delivery
O072532,2024-08-23,Late Delivery
O072534,2025-09-26,Late Delivery
O072538,2023-01-26,Late Delivery
O072552,2023-06-02,Damaged
O072568,2025-07-05,Damaged
O072569,2024-07-07,Customer Changed Mind
O072576,2023-02-08,Customer Changed Mind
O072583,2024-08-17,Late Delivery
O072608,2025-06-04,Quality Issue
O072626,2025-11-01,Wrong Product
O072635,2024-09-26,Quality Issue
O072652,2023-06-28,Late Delivery
O072653,2025-04-16,Customer Changed Mind
O072655,2023-03-25,Customer Changed Mind
O072667,2023-10-15,Damaged
O072669,2025-07-07,Quality Issue
O072672,2023-01-12,Customer Changed Mind
O072674,2024-09-23,Damaged
O072677,2023-06-27,Late Delivery
O072683,2025-11-29,Customer Changed Mind
O072684,2025-12-31,Late Delivery
O072685,2025-05-19,Quality Issue
O072686,2025-05-04,Damaged
O072687,2023-11-06,Quality Issue
O072697,2023-07-22,Late Delivery
O072699,2024-08-28,Late Delivery
O072729,2023-09-08,Customer Changed Mind
O072730,2024-08-18,Wrong Product
O072750,2025-01-04,Quality Issue
O072751,2024-04-08,Quality Issue
O072756,2024-09-03,Wrong Product
O072757,2023-10-16,Late Delivery
O072770,2023-04-30,Damaged
O072771,2023-02-11,Late Delivery
O072772,2025-06-11,Customer Changed Mind
O072802,2025-06-09,Wrong Product
O072807,2024-05-02,Wrong Product
O072821,2023-01-28,Damaged
O072826,2025-05-06,Customer Changed Mind
O072834,2024-12-22,Customer Changed Mind
O072835,2023-03-01,Quality Issue
O072838,2025-05-01,Quality Issue
O072842,2023-12-23,Damaged
O072848,2025-07-20,Damaged
O072856,2023-07-08,Late Delivery
O072857,2023-01-22,Late Delivery
O072861,2025-11-21,Late Delivery
O072863,2023-05-12,Damaged
O072902,2023-04-23,Customer Changed Mind
O072924,2023-11-01,Damaged
O072929,2024-01-01,Damaged
O072941,2025-11-19,Customer Changed Mind
O072942,2023-06-23,Late Delivery
O072944,2024-11-30,Damaged
O072952,2024-06-09,Damaged
O072989,2023-10-27,Quality Issue
O072993,2024-04-29,Quality Issue
O072998,2025-09-13,Wrong Product
O072999,2024-07-30,Customer Changed Mind
O073000,2025-04-15,Customer Changed Mind
O073014,2024-03-11,Customer Changed Mind
O073016,2024-10-22,Late Delivery
O073018,2024-02-29,Quality Issue
O073036,2025-01-30,Customer Changed Mind
O073038,2025-03-23,Quality Issue
O073046,2024-11-05,Customer Changed Mind
O073054,2024-12-09,Late Delivery
O073066,2025-05-14,Late Delivery
O073075,2024-12-17,Wrong Product
O073081,2023-03-24,Wrong Product
O073083,2023-08-06,Customer Changed Mind
O073142,2023-10-17,Late Delivery
O073143,2023-01-25,Wrong Product
O073165,2024-05-20,Late Delivery
O073169,2024-10-31,Damaged
O073174,2023-05-11,Late Delivery
O073188,2025-09-08,Customer Changed Mind
O073191,2025-02-26,Wrong Product
O073196,2023-08-20,Late Delivery
O073229,2025-07-02,Late Delivery
O073255,2025-10-09,Customer Changed Mind
O073274,2023-03-27,Customer Changed Mind
O073296,2023-03-06,Damaged
O073298,2023-04-06,Wrong Product
O073311,2025-02-07,Late Delivery
O073326,2023-05-15,Damaged
O073330,2024-04-10,Late Delivery
O073334,2025-01-04,Wrong Product
O073360,2024-04-21,Late Delivery
O073366,2025-05-11,Late Delivery
O073382,2025-08-08,Quality Issue
O073424,2025-10-14,Quality Issue
O073455,2024-11-14,Late Delivery
O073457,2024-05-12,Damaged
O073467,2023-12-14,Customer Changed Mind
O073480,2024-05-16,Damaged
O073484,2024-06-10,Damaged
O073497,2025-05-11,Late Delivery
O073498,2025-03-14,Late Delivery
O073530,2023-04-13,Late Delivery
O073535,2023-08-06,Customer Changed Mind
O073548,2023-10-07,Quality Issue
O073549,2025-07-30,Damaged
O073550,2023-07-21,Late Delivery
O073564,2024-11-10,Late Delivery
O073567,2023-11-03,Damaged
O073576,2024-10-31,Quality Issue
O073586,2023-04-14,Customer Changed Mind
O073604,2023-07-08,Late Delivery
O073606,2023-12-31,Late Delivery
O073611,2024-03-07,Wrong Product
O073648,2024-07-07,Late Delivery
O073657,2025-06-28,Late Delivery
O073680,2023-02-25,Quality Issue
O073695,2024-12-02,Damaged
O073717,2025-10-13,Damaged
O073721,2023-01-27,Damaged
O073739,2025-05-24,Late Delivery
O073740,2025-04-11,Quality Issue
O073750,2023-05-16,Late Delivery
O073760,2023-04-24,Late Delivery
O073777,2023-04-30,Damaged
O073797,2023-10-24,Quality Issue
O073801,2025-07-25,Customer Changed Mind
O073820,2024-04-30,Wrong Product
O073827,2025-02-17,Late Delivery
O073828,2025-02-22,Quality Issue
O073845,2023-12-08,Damaged
O073851,2024-06-17,Wrong Product
O073898,2023-03-31,Customer Changed Mind
O073965,2024-08-22,Customer Changed Mind
O073967,2025-02-26,Quality Issue
O073975,2023-09-29,Wrong Product
O073984,2024-03-21,Customer Changed Mind
O073989,2023-02-23,Wrong Product
O073996,2024-04-22,Damaged
O074063,2023-07-16,Quality Issue
O074064,2023-01-26,Wrong Product
O074065,2024-07-17,Late Delivery
O074088,2023-08-10,Damaged
O074104,2025-09-21,Quality Issue
O074121,2023-09-03,Damaged
O074129,2023-02-19,Damaged
O074133,2024-11-21,Wrong Product
O074135,2023-07-05,Customer Changed Mind
O074137,2025-05-02,Damaged
O074138,2025-04-08,Damaged
O074157,2024-08-09,Damaged
O074217,2024-06-02,Customer Changed Mind
O074242,2023-11-27,Customer Changed Mind
O074263,2024-11-25,Damaged
O074275,2025-05-24,Quality Issue
O074276,2024-01-15,Customer Changed Mind
O074278,2025-09-16,Customer Changed Mind
O074281,2025-10-10,Quality Issue
O074293,2023-03-04,Wrong Product
O074301,2023-01-29,Quality Issue
O074320,2025-09-22,Damaged
O074325,2024-08-12,Quality Issue
O074337,2025-12-05,Damaged
O074362,2023-04-05,Quality Issue
O074380,2024-09-20,Damaged
O074381,2024-11-18,Wrong Product
O074395,2024-07-26,Late Delivery
O074403,2024-04-08,Customer Changed Mind
O074408,2024-02-23,Late Delivery
O074425,2025-01-04,Quality Issue
O074439,2024-08-18,Damaged
O074458,2024-06-05,Damaged
O074462,2025-01-13,Late Delivery
O074484,2023-05-19,Quality Issue
O074487,2024-12-05,Customer Changed Mind
O074490,2023-08-03,Wrong Product
O074497,2024-03-28,Wrong Product
O074503,2024-09-03,Late Delivery
O074514,2025-12-28,Quality Issue
O074516,2023-11-25,Late Delivery
O074529,2023-06-27,Quality Issue
O074554,2025-12-07,Damaged
O074559,2023-05-29,Customer Changed Mind
O074563,2025-07-15,Damaged
O074567,2023-06-09,Customer Changed Mind
O074578,2024-04-18,Customer Changed Mind
O074589,2024-03-09,Damaged
O074608,2024-09-24,Late Delivery
O074614,2025-01-24,Wrong Product
O074644,2023-12-25,Wrong Product
O074652,2023-10-16,Wrong Product
O074700,2023-10-22,Wrong Product
O074714,2023-05-08,Damaged
O074729,2024-06-08,Customer Changed Mind
O074730,2025-04-21,Damaged
O074748,2024-02-05,Quality Issue
O074772,2023-12-29,Wrong Product
O074797,2024-04-11,Customer Changed Mind
O074820,2024-12-16,Damaged
O074886,2025-02-06,Wrong Product
O074897,2025-07-09,Late Delivery
O074908,2024-04-03,Quality Issue
O074913,2024-10-27,Late Delivery
O074947,2024-09-02,Wrong Product
O075005,2024-06-14,Damaged
O075013,2025-02-28,Quality Issue
O075020,2024-04-18,Quality Issue
O075070,2023-10-21,Late Delivery
O075085,2025-05-29,Wrong Product
O075088,2025-02-11,Damaged
O075101,2024-10-06,Wrong Product
O075116,2023-03-29,Late Delivery
O075127,2024-12-11,Damaged
O075133,2025-11-06,Damaged
O075134,2025-06-27,Customer Changed Mind
O075155,2023-06-01,Wrong Product
O075159,2025-09-23,Customer Changed Mind
O075165,2025-09-09,Late Delivery
O075171,2025-08-14,Late Delivery
O075185,2023-07-08,Wrong Product
O075197,2023-07-19,Late Delivery
O075204,2024-04-29,Quality Issue
O075214,2024-01-16,Late Delivery
O075232,2024-06-04,Customer Changed Mind
O075233,2023-07-18,Late Delivery
O075241,2023-05-06,Late Delivery
O075254,2025-10-26,Damaged
O075258,2025-05-01,Damaged
O075264,2025-09-13,Wrong Product
O075281,2025-04-02,Damaged
O075296,2023-04-18,Wrong Product
O075311,2023-03-19,Customer Changed Mind
O075317,2025-09-02,Late Delivery
O075321,2024-05-16,Wrong Product
O075324,2025-08-25,Late Delivery
O075359,2023-12-31,Customer Changed Mind
O075422,2023-03-23,Damaged
O075433,2024-07-11,Customer Changed Mind
O075449,2023-12-21,Wrong Product
O075475,2024-11-22,Quality Issue
O075489,2024-10-21,Damaged
O075490,2025-11-19,Customer Changed Mind
O075495,2023-01-12,Late Delivery
O075496,2023-03-12,Late Delivery
O075498,2023-05-11,Damaged
O075511,2023-08-07,Late Delivery
O075542,2024-09-16,Wrong Product
O075560,2025-05-30,Late Delivery
O075563,2023-05-31,Late Delivery
O075566,2023-12-24,Customer Changed Mind
O075582,2025-05-29,Quality Issue
O075587,2023-07-28,Wrong Product
O075596,2023-09-10,Damaged
O075646,2025-03-09,Wrong Product
O075664,2025-10-11,Damaged
O075684,2024-09-24,Customer Changed Mind
O075693,2024-07-22,Quality Issue
O075713,2025-11-27,Quality Issue
O075714,2024-10-05,Customer Changed Mind
O075721,2024-03-28,Wrong Product
O075735,2025-05-24,Wrong Product
O075740,2024-11-26,Quality Issue
O075760,2024-07-16,Damaged
O075763,2024-12-31,Quality Issue
O075766,2023-11-09,Late Delivery
O075768,2024-12-24,Customer Changed Mind
O075777,2023-07-28,Wrong Product
O075804,2024-10-05,Late Delivery
O075811,2023-09-02,Wrong Product
O075813,2025-04-19,Late Delivery
O075839,2025-06-16,Customer Changed Mind
O075859,2025-01-13,Late Delivery
O075899,2023-12-14,Damaged
O075905,2025-07-31,Damaged
O075908,2024-08-06,Late Delivery
O075940,2024-03-08,Wrong Product
O075943,2023-12-29,Late Delivery
O075959,2024-10-23,Damaged
O075963,2024-12-22,Late Delivery
O075990,2024-04-23,Wrong Product
O075995,2025-04-11,Late Delivery
O076000,2023-07-31,Late Delivery
O076018,2024-10-28,Customer Changed Mind
O076039,2024-01-27,Damaged
O076063,2024-10-19,Wrong Product
O076072,2025-10-12,Customer Changed Mind
O076073,2025-09-03,Late Delivery
O076096,2023-03-11,Wrong Product
O076124,2024-11-02,Late Delivery
O076140,2024-06-13,Quality Issue
O076163,2024-04-02,Late Delivery
O076170,2024-09-19,Damaged
O076183,2024-07-20,Late Delivery
O076185,2024-01-17,Late Delivery
O076186,2023-06-07,Wrong Product
O076193,2024-10-04,Late Delivery
O076219,2025-02-05,Customer Changed Mind
O076221,2023-12-11,Quality Issue
O076240,2023-11-06,Wrong Product
O076253,2023-10-21,Wrong Product
O076271,2023-07-07,Late Delivery
O076304,2023-08-20,Quality Issue
O076312,2023-03-11,Quality Issue
O076318,2024-03-18,Wrong Product
O076330,2023-09-26,Customer Changed Mind
O076332,2025-07-09,Customer Changed Mind
O076401,2023-06-12,Wrong Product
O076423,2024-08-28,Late Delivery
O076436,2023-04-26,Late Delivery
O076486,2023-04-05,Customer Changed Mind
O076502,2023-08-03,Late Delivery
O076508,2025-04-03,Customer Changed Mind
O076539,2024-11-19,Customer Changed Mind
O076559,2025-04-25,Damaged
O076567,2024-10-09,Wrong Product
O076594,2024-02-03,Late Delivery
O076599,2025-08-19,Damaged
O076604,2024-05-20,Late Delivery
O076611,2023-01-21,Damaged
O076615,2023-08-30,Damaged
O076617,2024-07-23,Late Delivery
O076627,2023-12-08,Late Delivery
O076666,2024-01-11,Quality Issue
O076667,2025-02-27,Wrong Product
O076684,2025-10-04,Wrong Product
O076689,2024-03-29,Quality Issue
O076722,2023-03-28,Wrong Product
O076742,2023-11-01,Damaged
O076744,2023-11-30,Late Delivery
O076752,2025-02-08,Customer Changed Mind
O076758,2025-02-15,Damaged
O076763,2025-07-07,Damaged
O076791,2025-02-06,Quality Issue
O076817,2024-11-30,Wrong Product
O076819,2024-10-13,Quality Issue
O076826,2023-06-29,Customer Changed Mind
O076856,2023-05-28,Wrong Product
O076858,2023-12-02,Damaged
O076874,2024-03-22,Late Delivery
O076876,2024-07-05,Wrong Product
O076896,2024-01-27,Damaged
O076899,2025-01-24,Late Delivery
O076909,2025-05-24,Customer Changed Mind
O076940,2024-04-30,Quality Issue
O076941,2023-03-23,Wrong Product
O076954,2023-06-27,Late Delivery
O076959,2024-04-12,Damaged
O076986,2023-06-23,Late Delivery
O076990,2023-07-24,Quality Issue
O077000,2024-08-10,Late Delivery
O077014,2024-02-23,Quality Issue
O077016,2025-09-04,Wrong Product
O077020,2025-12-29,Customer Changed Mind
O077027,2025-05-14,Customer Changed Mind
O077029,2023-06-08,Customer Changed Mind
O077045,2023-04-07,Damaged
O077053,2025-05-30,Wrong Product
O077086,2024-10-11,Damaged
O077097,2025-09-10,Wrong Product
O077107,2023-04-01,Damaged
O077121,2024-12-05,Wrong Product
O077173,2023-04-12,Damaged
O077200,2025-01-29,Wrong Product
O077206,2023-05-15,Late Delivery
O077210,2024-03-20,Quality Issue
O077238,2025-09-01,Wrong Product
O077249,2023-03-07,Customer Changed Mind
O077260,2025-02-20,Customer Changed Mind
O077263,2025-12-21,Wrong Product
O077269,2023-09-27,Wrong Product
O077275,2025-10-09,Late Delivery
O077299,2025-07-07,Damaged
O077318,2025-11-25,Late Delivery
O077322,2025-08-09,Late Delivery
O077334,2025-06-13,Quality Issue
O077368,2025-03-11,Quality Issue
O077383,2023-01-20,Customer Changed Mind
O077399,2023-05-13,Wrong Product
O077400,2023-07-15,Customer Changed Mind
O077412,2025-10-05,Late Delivery
O077420,2023-11-15,Customer Changed Mind
O077434,2023-12-04,Wrong Product
O077440,2023-02-26,Customer Changed Mind
O077446,2024-04-05,Late Delivery
O077448,2025-10-03,Damaged
O077451,2025-08-16,Late Delivery
O077480,2025-11-02,Wrong Product
O077484,2025-09-23,Wrong Product
O077485,2023-12-29,Wrong Product
O077505,2025-03-01,Damaged
O077517,2024-05-26,Customer Changed Mind
O077519,2023-12-15,Wrong Product
O077525,2025-04-23,Late Delivery
O077533,2024-03-11,Late Delivery
O077541,2023-01-08,Damaged
O077545,2025-05-20,Quality Issue
O077565,2024-05-15,Wrong Product
O077568,2024-09-19,Wrong Product
O077570,2023-11-08,Late Delivery
O077571,2024-06-07,Damaged
O077572,2024-03-19,Customer Changed Mind
O077586,2024-01-06,Damaged
O077618,2024-08-03,Customer Changed Mind
O077636,2025-07-30,Customer Changed Mind
O077637,2024-04-13,Quality Issue
O077640,2025-05-20,Damaged
O077683,2024-04-21,Wrong Product
O077690,2024-02-26,Customer Changed Mind
O077712,2024-08-14,Damaged
O077737,2023-03-02,Quality Issue
O077739,2023-02-16,Late Delivery
O077773,2025-05-02,Wrong Product
O077778,2024-08-04,Wrong Product
O077807,2024-08-12,Late Delivery
O077822,2024-05-03,Customer Changed Mind
O077845,2023-12-29,Damaged
O077858,2024-11-09,Wrong Product
O077872,2025-11-16,Customer Changed Mind
O077875,2024-08-12,Late Delivery
O077907,2025-03-01,Wrong Product
O077950,2025-05-11,Customer Changed Mind
O077961,2023-02-11,Late Delivery
O077975,2025-09-11,Damaged
O078018,2025-05-13,Late Delivery
O078023,2025-09-12,Customer Changed Mind
O078026,2025-08-12,Customer Changed Mind
O078075,2025-06-19,Late Delivery
O078080,2023-01-17,Wrong Product
O078095,2024-09-25,Late Delivery
O078097,2025-05-08,Quality Issue
O078113,2025-10-17,Wrong Product
O078141,2025-09-30,Quality Issue
O078161,2024-06-12,Late Delivery
O078182,2024-03-31,Damaged
O078189,2023-09-07,Damaged
O078194,2024-05-14,Damaged
O078202,2023-05-30,Wrong Product
O078205,2024-02-07,Quality Issue
O078207,2024-04-05,Customer Changed Mind
O078220,2024-04-24,Late Delivery
O078236,2023-02-05,Damaged
O078269,2024-01-08,Quality Issue
O078271,2024-10-18,Damaged
O078274,2024-10-04,Quality Issue
O078312,2026-01-03,Quality Issue
O078348,2025-09-29,Late Delivery
O078358,2023-09-08,Damaged
O078360,2024-06-02,Damaged
O078373,2024-12-11,Wrong Product
O078388,2025-08-05,Damaged
O078393,2024-08-18,Wrong Product
O078405,2024-05-02,Customer Changed Mind
O078442,2025-06-23,Damaged
O078455,2025-12-04,Wrong Product
O078457,2023-05-09,Wrong Product
O078473,2023-03-29,Damaged
O078483,2025-11-01,Quality Issue
O078491,2023-01-23,Quality Issue
O078522,2024-10-26,Wrong Product
O078546,2023-08-10,Customer Changed Mind
O078578,2025-01-04,Damaged
O078584,2025-09-09,Late Delivery
O078610,2024-05-17,Late Delivery
O078625,2023-08-30,Damaged
O078634,2023-06-26,Late Delivery
O078638,2023-08-25,Quality Issue
O078651,2023-02-18,Quality Issue
O078652,2023-07-25,Quality Issue
O078661,2024-01-19,Late Delivery
O078663,2024-01-24,Damaged
O078666,2025-10-05,Customer Changed Mind
O078670,2025-03-21,Late Delivery
O078679,2025-02-21,Late Delivery
O078686,2024-12-26,Late Delivery
O078691,2023-04-11,Quality Issue
O078699,2023-10-30,Customer Changed Mind
O078706,2024-01-10,Customer Changed Mind
O078715,2024-05-30,Quality Issue
O078743,2023-05-11,Quality Issue
O078748,2024-12-04,Customer Changed Mind
O078756,2023-10-19,Quality Issue
O078797,2023-02-18,Wrong Product
O078805,2023-08-23,Damaged
O078816,2025-03-26,Wrong Product
O078831,2024-11-10,Wrong Product
O078848,2023-05-28,Wrong Product
O078868,2025-05-17,Quality Issue
O078888,2024-03-25,Damaged
O078919,2023-03-13,Late Delivery
O078946,2025-10-25,Late Delivery
O078951,2024-05-19,Customer Changed Mind
O078955,2023-04-08,Quality Issue
O078964,2024-08-15,Customer Changed Mind
O078975,2024-08-22,Damaged
O079008,2025-10-01,Damaged
O079012,2023-04-23,Damaged
O079032,2025-10-02,Late Delivery
O079037,2023-05-10,Quality Issue
O079062,2023-07-10,Late Delivery
O079075,2025-06-06,Customer Changed Mind
O079087,2024-05-16,Customer Changed Mind
O079088,2025-06-07,Quality Issue
O079094,2024-11-13,Wrong Product
O079103,2023-12-13,Wrong Product
O079116,2025-10-16,Late Delivery
O079120,2024-02-08,Quality Issue
O079128,2023-05-30,Late Delivery
O079152,2023-02-17,Quality Issue
O079175,2025-02-28,Damaged
O079186,2024-05-05,Customer Changed Mind
O079219,2025-04-26,Damaged
O079245,2023-12-01,Customer Changed Mind
O079262,2023-04-13,Wrong Product
O079272,2024-07-29,Customer Changed Mind
O079294,2025-08-31,Wrong Product
O079296,2025-07-28,Wrong Product
O079303,2023-04-29,Wrong Product
O079319,2025-11-09,Late Delivery
O079323,2023-09-20,Customer Changed Mind
O079338,2025-01-04,Damaged
O079341,2024-10-13,Quality Issue
O079358,2025-02-23,Wrong Product
O079388,2023-04-27,Quality Issue
O079413,2023-09-12,Damaged
O079417,2025-09-06,Late Delivery
O079421,2024-05-04,Late Delivery
O079433,2023-12-19,Late Delivery
O079445,2024-06-21,Wrong Product
O079504,2023-10-25,Late Delivery
O079506,2025-02-25,Damaged
O079527,2023-11-27,Customer Changed Mind
O079562,2024-06-20,Late Delivery
O079568,2024-05-01,Customer Changed Mind
O079573,2024-03-07,Wrong Product
O079588,2023-06-27,Wrong Product
O079602,2023-10-25,Damaged
O079623,2025-10-18,Quality Issue
O079655,2023-11-24,Customer Changed Mind
O079657,2024-07-24,Wrong Product
O079662,2023-06-10,Customer Changed Mind
O079667,2025-06-13,Quality Issue
O079679,2023-09-22,Wrong Product
O079688,2025-01-30,Damaged
O079701,2023-05-31,Late Delivery
O079708,2025-07-30,Quality Issue
O079726,2024-05-10,Damaged
O079748,2023-04-27,Damaged
O079756,2025-08-21,Damaged
O079792,2023-07-22,Late Delivery
O079797,2024-11-06,Wrong Product
O079801,2025-03-23,Damaged
O079812,2025-07-28,Damaged
O079818,2024-04-11,Damaged
O079831,2024-03-14,Wrong Product
O079838,2024-11-27,Late Delivery
O079847,2023-06-14,Quality Issue
O079854,2024-04-21,Customer Changed Mind
O079861,2025-01-17,Damaged
O079875,2024-08-28,Damaged
O079878,2026-01-04,Late Delivery
O079884,2025-06-08,Wrong Product
O079897,2023-02-02,Damaged
O079915,2023-02-15,Damaged
O079929,2024-08-31,Quality Issue
O079936,2023-05-18,Late Delivery
O079961,2025-07-20,Damaged
O079966,2023-11-10,Customer Changed Mind
O079969,2023-05-26,Quality Issue
O079984,2023-05-05,Wrong Product
O079998,2025-09-23,Damaged
O080012,2024-01-24,Customer Changed Mind
O080026,2024-01-08,Wrong Product
O080059,2023-08-25,Wrong Product
O080086,2024-12-20,Damaged
O080091,2025-07-21,Damaged
O080095,2023-03-31,Late Delivery
O080098,2025-09-09,Customer Changed Mind
O080111,2023-08-25,Wrong Product
O080116,2024-03-28,Customer Changed Mind
O080126,2024-09-03,Quality Issue
O080136,2024-10-01,Damaged
O080141,2024-06-14,Late Delivery
O080158,2023-11-21,Damaged
O080161,2023-01-30,Wrong Product
O080164,2024-03-13,Late Delivery
O080174,2025-06-11,Damaged
O080186,2025-09-01,Customer Changed Mind
O080188,2024-12-26,Wrong Product
O080195,2023-07-26,Late Delivery
O080198,2025-12-15,Quality Issue
O080258,2025-07-13,Quality Issue
O080310,2024-06-07,Quality Issue
O080318,2024-04-16,Late Delivery
O080325,2025-04-02,Quality Issue
O080330,2024-07-21,Damaged
O080332,2024-07-20,Customer Changed Mind
O080336,2024-08-05,Customer Changed Mind
O080341,2023-12-21,Quality Issue
O080345,2025-03-07,Customer Changed Mind
O080358,2025-07-12,Quality Issue
O080366,2023-09-11,Quality Issue
O080406,2024-07-10,Late Delivery
O080411,2023-06-27,Damaged
O080430,2023-11-26,Late Delivery
O080431,2025-08-08,Late Delivery
O080456,2024-05-30,Damaged
O080476,2024-05-09,Late Delivery
O080477,2024-05-09,Damaged
O080486,2024-11-16,Customer Changed Mind
O080526,2023-05-24,Late Delivery
O080535,2024-03-09,Customer Changed Mind
O080538,2023-09-19,Late Delivery
O080543,2023-08-16,Customer Changed Mind
O080552,2023-03-24,Wrong Product
O080557,2023-02-07,Quality Issue
O080591,2023-12-12,Late Delivery
O080597,2023-10-10,Wrong Product
O080606,2023-10-24,Customer Changed Mind
O080608,2023-02-07,Quality Issue
O080617,2023-05-02,Late Delivery
O080629,2025-05-10,Customer Changed Mind
O080657,2025-08-21,Quality Issue
O080667,2024-09-13,Late Delivery
O080683,2026-01-06,Customer Changed Mind
O080688,2024-03-04,Customer Changed Mind
O080720,2024-12-04,Late Delivery
O080724,2024-07-15,Late Delivery
O080727,2024-04-13,Wrong Product
O080731,2023-03-13,Late Delivery
O080755,2024-10-21,Damaged
O080775,2025-06-11,Late Delivery
O080783,2023-12-27,Customer Changed Mind
O080790,2025-07-12,Late Delivery
O080794,2023-02-16,Late Delivery
O080795,2024-07-07,Damaged
O080835,2024-08-13,Quality Issue
O080845,2024-08-17,Damaged
O080854,2025-10-14,Damaged
O080887,2025-03-31,Wrong Product
O080891,2024-03-08,Wrong Product
O080896,2024-03-02,Quality Issue
O080906,2024-07-18,Late Delivery
O080931,2023-04-10,Quality Issue
O080950,2025-08-24,Wrong Product
O080957,2024-03-19,Late Delivery
O080964,2024-12-23,Customer Changed Mind
O080965,2024-03-28,Customer Changed Mind
O080970,2024-06-19,Wrong Product
O080974,2023-06-20,Late Delivery
O080977,2023-05-28,Wrong Product
O080978,2023-06-02,Quality Issue
O080987,2024-06-30,Damaged
O081012,2023-05-25,Quality Issue
O081026,2025-03-05,Late Delivery
O081035,2025-02-04,Wrong Product
O081057,2025-11-15,Late Delivery
O081064,2023-01-16,Damaged
O081074,2023-06-26,Damaged
O081076,2025-10-21,Wrong Product
O081078,2025-01-14,Wrong Product
O081087,2025-03-17,Quality Issue
O081115,2023-07-22,Wrong Product
O081131,2023-02-28,Late Delivery
O081156,2023-09-01,Customer Changed Mind
O081159,2025-10-22,Quality Issue
O081205,2023-09-26,Quality Issue
O081220,2025-04-09,Wrong Product
O081240,2024-07-14,Wrong Product
O081264,2025-10-02,Quality Issue
O081272,2025-01-13,Customer Changed Mind
O081299,2024-11-14,Customer Changed Mind
O081305,2025-11-01,Damaged
O081308,2025-02-07,Damaged
O081320,2024-01-21,Late Delivery
O081322,2024-01-30,Wrong Product
O081347,2024-03-21,Wrong Product
O081359,2024-09-22,Late Delivery
O081367,2025-12-19,Damaged
O081397,2023-12-02,Quality Issue
O081404,2025-01-21,Customer Changed Mind
O081413,2025-07-31,Late Delivery
O081432,2025-03-19,Customer Changed Mind
O081435,2023-01-19,Wrong Product
O081457,2024-08-31,Damaged
O081502,2023-06-27,Wrong Product
O081504,2025-05-17,Late Delivery
O081524,2024-01-02,Wrong Product
O081551,2025-05-10,Customer Changed Mind
O081556,2023-03-07,Late Delivery
O081576,2024-08-14,Customer Changed Mind
O081598,2026-01-02,Customer Changed Mind
O081636,2023-10-03,Damaged
O081641,2024-07-16,Damaged
O081668,2023-07-30,Wrong Product
O081686,2023-12-10,Damaged
O081692,2023-05-25,Wrong Product
O081710,2024-05-17,Late Delivery
O081752,2023-04-10,Late Delivery
O081777,2025-03-17,Customer Changed Mind
O081788,2023-07-08,Wrong Product
O081790,2025-01-04,Late Delivery
O081791,2023-08-22,Wrong Product
O081825,2023-08-22,Quality Issue
O081826,2025-12-19,Quality Issue
O081828,2024-06-21,Quality Issue
O081830,2023-12-01,Wrong Product
O081832,2023-12-11,Customer Changed Mind
O081836,2024-05-03,Damaged
O081844,2023-10-06,Wrong Product
O081866,2023-05-27,Wrong Product
O081905,2025-04-08,Wrong Product
O081918,2024-12-02,Customer Changed Mind
O081921,2024-09-17,Damaged
O081928,2024-09-27,Damaged
O081947,2025-01-20,Damaged
O081963,2023-12-30,Quality Issue
O082028,2025-02-17,Quality Issue
O082040,2024-01-21,Customer Changed Mind
O082049,2024-02-16,Customer Changed Mind
O082078,2023-03-19,Customer Changed Mind
O082083,2024-10-01,Quality Issue
O082099,2025-11-28,Damaged
O082103,2024-04-06,Quality Issue
O082109,2024-03-21,Quality Issue
O082118,2025-02-06,Quality Issue
O082127,2025-06-22,Late Delivery
O082158,2024-11-10,Damaged
O082169,2025-11-14,Damaged
O082171,2024-03-17,Wrong Product
O082175,2025-11-23,Wrong Product
O082182,2023-08-19,Wrong Product
O082193,2024-12-10,Wrong Product
O082208,2025-10-09,Customer Changed Mind
O082244,2023-03-27,Customer Changed Mind
O082267,2024-08-29,Late Delivery
O082273,2024-04-03,Wrong Product
O082301,2023-02-17,Late Delivery
O082309,2024-11-22,Quality Issue
O082332,2023-01-30,Late Delivery
O082333,2025-04-08,Late Delivery
O082352,2024-06-11,Damaged
O082353,2025-11-18,Quality Issue
O082404,2025-12-04,Customer Changed Mind
O082411,2023-04-06,Wrong Product
O082416,2025-05-28,Late Delivery
O082426,2024-02-05,Late Delivery
O082440,2025-05-14,Damaged
O082443,2025-06-14,Wrong Product
O082448,2023-10-03,Late Delivery
O082451,2023-01-21,Wrong Product
O082473,2024-12-27,Customer Changed Mind
O082486,2025-03-22,Quality Issue
O082489,2024-11-10,Customer Changed Mind
O082508,2025-10-10,Customer Changed Mind
O082511,2024-04-04,Wrong Product
O082536,2024-07-09,Customer Changed Mind
O082539,2023-05-04,Damaged
O082543,2024-09-22,Late Delivery
O082571,2025-02-26,Wrong Product
O082577,2025-04-07,Customer Changed Mind
O082579,2023-02-11,Customer Changed Mind
O082583,2025-01-26,Wrong Product
O082594,2024-03-01,Wrong Product
O082601,2025-04-10,Wrong Product
O082606,2024-02-03,Wrong Product
O082610,2025-06-11,Wrong Product
O082625,2023-05-24,Quality Issue
O082628,2024-01-20,Wrong Product
O082634,2025-04-27,Wrong Product
O082639,2024-09-04,Quality Issue
O082649,2025-03-02,Damaged
O082668,2023-08-16,Wrong Product
O082682,2025-06-21,Customer Changed Mind
O082692,2026-01-02,Wrong Product
O082694,2025-11-26,Customer Changed Mind
O082726,2023-05-26,Late Delivery
O082727,2023-11-30,Wrong Product
O082737,2024-01-02,Quality Issue
O082756,2025-02-27,Wrong Product
O082790,2025-06-02,Customer Changed Mind
O082798,2025-06-25,Damaged
O082801,2024-08-06,Late Delivery
O082829,2024-09-17,Wrong Product
O082831,2025-07-16,Customer Changed Mind
O082854,2023-04-21,Quality Issue
O082865,2023-02-28,Damaged
O082884,2025-05-19,Wrong Product
O082907,2025-04-04,Quality Issue
O082918,2026-01-03,Wrong Product
O082923,2025-05-09,Quality Issue
O082927,2023-04-23,Wrong Product
O082933,2024-11-03,Damaged
O082940,2025-11-23,Late Delivery
O082966,2025-08-07,Quality Issue
O082983,2025-10-01,Quality Issue
O082987,2025-07-19,Quality Issue
O082989,2023-09-18,Quality Issue
O083025,2023-05-29,Customer Changed Mind
O083029,2024-09-10,Customer Changed Mind
O083030,2026-01-01,Customer Changed Mind
O083039,2024-01-11,Quality Issue
O083065,2023-08-18,Customer Changed Mind
O083069,2023-10-19,Damaged
O083070,2023-12-13,Late Delivery
O083090,2025-08-25,Late Delivery
O083106,2024-12-12,Wrong Product
O083111,2024-03-20,Quality Issue
O083112,2025-07-12,Wrong Product
O083147,2023-11-21,Customer Changed Mind
O083153,2025-03-03,Wrong Product
O083154,2025-09-05,Late Delivery
O083167,2023-10-01,Wrong Product
O083171,2023-07-13,Customer Changed Mind
O083177,2024-09-04,Damaged
O083183,2023-11-17,Damaged
O083227,2023-07-17,Late Delivery
O083237,2024-07-22,Late Delivery
O083238,2024-09-30,Damaged
O083244,2024-03-09,Customer Changed Mind
O083252,2025-03-27,Damaged
O083268,2025-03-26,Quality Issue
O083340,2025-10-08,Customer Changed Mind
O083359,2025-04-11,Damaged
O083362,2025-07-09,Quality Issue
O083370,2026-01-01,Quality Issue
O083417,2024-05-30,Customer Changed Mind
O083431,2025-08-17,Damaged
O083436,2025-02-09,Wrong Product
O083471,2024-10-22,Quality Issue
O083483,2023-04-23,Customer Changed Mind
O083501,2024-04-16,Customer Changed Mind
O083526,2025-07-02,Late Delivery
O083536,2024-12-15,Wrong Product
O083539,2023-04-07,Late Delivery
O083541,2023-12-29,Damaged
O083562,2023-06-23,Customer Changed Mind
O083588,2025-02-23,Wrong Product
O083598,2023-06-21,Wrong Product
O083612,2023-03-20,Late Delivery
O083638,2025-08-23,Quality Issue
O083644,2025-01-02,Customer Changed Mind
O083657,2024-02-03,Wrong Product
O083671,2023-02-26,Late Delivery
O083681,2024-10-25,Late Delivery
O083695,2023-11-17,Damaged
O083703,2024-03-15,Customer Changed Mind
O083725,2024-07-16,Late Delivery
O083782,2023-12-09,Late Delivery
O083795,2025-06-02,Quality Issue
O083803,2024-04-02,Quality Issue
O083816,2025-06-11,Customer Changed Mind
O083823,2024-10-18,Wrong Product
O083846,2024-09-03,Wrong Product
O083856,2025-10-18,Wrong Product
O083896,2023-07-30,Quality Issue
O083897,2023-07-29,Wrong Product
O083909,2023-08-09,Wrong Product
O083915,2024-12-19,Damaged
O083918,2024-07-17,Wrong Product
O083931,2023-01-05,Customer Changed Mind
O083937,2023-05-21,Damaged
O083939,2025-01-09,Quality Issue
O083940,2023-08-14,Wrong Product
O083956,2023-01-20,Late Delivery
O083970,2023-08-17,Damaged
O083978,2025-03-04,Wrong Product
O083980,2024-07-31,Late Delivery
O083988,2023-10-22,Damaged
O083991,2023-05-06,Wrong Product
O083994,2024-05-05,Wrong Product
O084004,2023-10-04,Wrong Product
O084023,2024-04-10,Damaged
O084032,2025-12-17,Customer Changed Mind
O084044,2025-05-26,Damaged
O084078,2024-10-19,Wrong Product
O084126,2025-03-30,Late Delivery
O084129,2025-06-05,Wrong Product
O084141,2023-05-20,Late Delivery
O084157,2023-07-05,Wrong Product
O084174,2024-03-19,Quality Issue
O084192,2025-05-19,Quality Issue
O084218,2023-04-02,Late Delivery
O084227,2025-02-24,Wrong Product
O084237,2023-11-26,Quality Issue
O084240,2023-02-27,Customer Changed Mind
O084255,2024-09-14,Customer Changed Mind
O084267,2025-08-28,Damaged
O084269,2024-10-22,Quality Issue
O084273,2024-09-18,Late Delivery
O084287,2023-12-13,Wrong Product
O084298,2025-07-03,Quality Issue
O084309,2024-05-11,Damaged
O084317,2023-06-30,Quality Issue
O084330,2023-08-01,Damaged
O084347,2025-04-09,Quality Issue
O084377,2024-02-19,Customer Changed Mind
O084432,2025-08-28,Quality Issue
O084434,2025-03-02,Late Delivery
O084437,2023-05-03,Customer Changed Mind
O084448,2025-09-17,Late Delivery
O084450,2025-01-12,Late Delivery
O084457,2025-09-14,Customer Changed Mind
O084458,2025-11-07,Customer Changed Mind
O084488,2023-11-06,Damaged
O084501,2024-06-17,Wrong Product
O084504,2023-02-14,Quality Issue
O084537,2025-08-05,Customer Changed Mind
O084565,2024-05-07,Late Delivery
O084580,2023-07-03,Damaged
O084582,2024-11-23,Damaged
O084585,2024-11-11,Damaged
O084603,2023-02-06,Wrong Product
O084624,2025-01-19,Damaged
O084627,2024-04-17,Wrong Product
O084632,2023-08-17,Quality Issue
O084637,2025-10-27,Customer Changed Mind
O084643,2024-09-29,Damaged
O084679,2025-09-25,Late Delivery
O084695,2025-11-06,Quality Issue
O084719,2023-08-16,Customer Changed Mind
O084720,2024-01-19,Wrong Product
O084721,2024-07-24,Wrong Product
O084740,2024-07-09,Quality Issue
O084752,2025-03-15,Wrong Product
O084753,2023-04-20,Damaged
O084762,2025-07-18,Wrong Product
O084768,2024-05-19,Customer Changed Mind
O084769,2025-12-17,Quality Issue
O084770,2024-03-13,Late Delivery
O084800,2025-07-13,Damaged
O084804,2025-02-14,Customer Changed Mind
O084815,2023-03-31,Damaged
O084832,2023-03-05,Late Delivery
O084856,2023-07-08,Damaged
O084865,2025-03-18,Customer Changed Mind
O084866,2023-09-27,Customer Changed Mind
O084890,2025-08-21,Late Delivery
O084911,2023-11-24,Quality Issue
O084927,2025-04-13,Quality Issue
O084951,2023-07-15,Customer Changed Mind
O085005,2023-05-24,Wrong Product
O085022,2025-06-12,Wrong Product
O085024,2025-11-27,Customer Changed Mind
O085026,2025-08-01,Quality Issue
O085027,2024-07-13,Damaged
O085028,2023-06-04,Late Delivery
O085042,2023-04-01,Customer Changed Mind
O085077,2025-11-02,Damaged
O085080,2025-03-06,Quality Issue
O085083,2024-07-27,Late Delivery
O085095,2024-02-18,Damaged
O085101,2024-02-23,Wrong Product
O085114,2024-04-13,Customer Changed Mind
O085138,2025-10-23,Late Delivery
O085150,2025-11-07,Customer Changed Mind
O085180,2023-11-29,Wrong Product
O085182,2024-08-15,Quality Issue
O085184,2025-05-06,Late Delivery
O085195,2025-09-09,Quality Issue
O085200,2023-08-12,Customer Changed Mind
O085201,2025-08-10,Wrong Product
O085224,2024-11-15,Late Delivery
O085226,2025-03-28,Customer Changed Mind
O085263,2023-04-23,Customer Changed Mind
O085291,2025-04-18,Late Delivery
O085292,2024-05-18,Quality Issue
O085298,2024-11-13,Customer Changed Mind
O085303,2025-11-15,Customer Changed Mind
O085304,2024-09-18,Damaged
O085324,2023-12-25,Damaged
O085330,2025-05-05,Wrong Product
O085345,2025-02-05,Wrong Product
O085350,2024-01-07,Late Delivery
O085362,2023-07-19,Wrong Product
O085379,2025-04-13,Customer Changed Mind
O085419,2025-11-19,Wrong Product
O085450,2025-01-24,Customer Changed Mind
O085464,2025-10-17,Wrong Product
O085487,2024-02-21,Customer Changed Mind
O085509,2023-02-24,Damaged
O085514,2023-07-12,Wrong Product
O085523,2025-11-29,Quality Issue
O085541,2024-04-13,Damaged
O085566,2024-11-10,Damaged
O085581,2024-01-12,Late Delivery
O085583,2024-06-24,Quality Issue
O085593,2024-03-28,Late Delivery
O085633,2024-01-26,Wrong Product
O085655,2024-10-11,Late Delivery
O085659,2024-12-09,Wrong Product
O085660,2025-03-27,Damaged
O085678,2023-10-13,Customer Changed Mind
O085683,2024-12-10,Late Delivery
O085693,2024-02-10,Wrong Product
O085694,2024-10-11,Quality Issue
O085711,2023-03-09,Damaged
O085713,2024-01-19,Late Delivery
O085715,2025-03-10,Late Delivery
O085717,2024-08-03,Damaged
O085732,2025-04-10,Wrong Product
O085756,2025-11-09,Customer Changed Mind
O085757,2025-08-09,Quality Issue
O085770,2025-08-26,Customer Changed Mind
O085780,2023-10-21,Late Delivery
O085799,2024-12-09,Damaged
O085809,2025-05-30,Late Delivery
O085821,2025-08-15,Damaged
O085832,2023-02-14,Late Delivery
O085837,2024-06-17,Wrong Product
O085844,2025-02-24,Wrong Product
O085845,2025-11-24,Wrong Product
O085851,2024-08-28,Damaged
O085859,2023-05-23,Damaged
O085860,2024-05-02,Quality Issue
O085862,2023-05-12,Wrong Product
O085865,2024-10-21,Quality Issue
O085881,2024-04-22,Damaged
O085895,2024-12-21,Damaged
O085899,2024-12-03,Late Delivery
O085903,2023-04-30,Damaged
O085916,2025-12-09,Customer Changed Mind
O085917,2023-05-05,Late Delivery
O085935,2024-06-13,Wrong Product
O085948,2024-07-21,Late Delivery
O085952,2023-07-22,Quality Issue
O085958,2025-08-21,Quality Issue
O085965,2024-01-20,Customer Changed Mind
O085968,2024-04-20,Wrong Product
O085974,2023-10-28,Wrong Product
O085975,2025-03-09,Wrong Product
O085978,2023-09-20,Late Delivery
O086001,2023-10-16,Late Delivery
O086006,2024-02-13,Quality Issue
O086015,2024-03-12,Damaged
O086020,2025-06-03,Damaged
O086030,2023-08-14,Customer Changed Mind
O086048,2025-12-09,Quality Issue
O086063,2025-03-26,Damaged
O086066,2025-11-08,Customer Changed Mind
O086082,2024-10-10,Quality Issue
O086092,2024-06-06,Late Delivery
O086094,2024-03-02,Late Delivery
O086113,2023-01-18,Damaged
O086115,2023-12-25,Quality Issue
O086124,2023-06-01,Customer Changed Mind
O086135,2026-01-12,Damaged
O086161,2024-05-19,Customer Changed Mind
O086197,2023-02-20,Customer Changed Mind
O086207,2024-11-16,Wrong Product
O086214,2024-02-12,Late Delivery
O086224,2025-04-19,Customer Changed Mind
O086246,2024-05-31,Customer Changed Mind
O086250,2025-01-31,Customer Changed Mind
O086259,2024-09-07,Customer Changed Mind
O086302,2023-08-28,Late Delivery
O086324,2025-01-15,Wrong Product
O086334,2024-04-17,Damaged
O086383,2024-02-09,Damaged
O086393,2025-11-14,Late Delivery
O086402,2023-07-18,Quality Issue
O086413,2023-08-07,Quality Issue
O086415,2023-10-12,Quality Issue
O086416,2023-06-14,Damaged
O086420,2023-02-27,Wrong Product
O086423,2024-12-19,Damaged
O086424,2024-05-08,Customer Changed Mind
O086446,2023-04-12,Damaged
O086455,2023-11-20,Quality Issue
O086459,2024-04-11,Late Delivery
O086472,2024-07-02,Quality Issue
O086495,2025-02-20,Customer Changed Mind
O086497,2025-04-13,Customer Changed Mind
O086531,2024-03-09,Damaged
O086533,2024-03-17,Damaged
O086539,2024-03-14,Wrong Product
O086541,2024-10-16,Late Delivery
O086551,2024-01-13,Quality Issue
O086557,2023-07-27,Customer Changed Mind
O086565,2025-02-01,Late Delivery
O086566,2024-02-07,Quality Issue
O086576,2024-03-14,Late Delivery
O086586,2025-04-23,Customer Changed Mind
O086628,2023-04-08,Quality Issue
O086630,2025-01-22,Late Delivery
O086633,2023-12-21,Damaged
O086654,2023-03-29,Quality Issue
O086679,2023-02-16,Customer Changed Mind
O086690,2024-11-11,Damaged
O086704,2023-11-25,Damaged
O086720,2024-02-23,Wrong Product
O086726,2024-03-05,Late Delivery
O086766,2024-06-19,Quality Issue
O086771,2024-05-31,Customer Changed Mind
O086784,2023-12-09,Damaged
O086801,2025-05-23,Quality Issue
O086810,2024-01-20,Customer Changed Mind
O086838,2025-10-22,Customer Changed Mind
O086863,2025-10-16,Customer Changed Mind
O086907,2024-09-01,Customer Changed Mind
O086920,2024-10-11,Late Delivery
O086935,2024-02-02,Wrong Product
O086942,2025-02-28,Wrong Product
O086959,2023-09-27,Late Delivery
O086966,2024-10-01,Late Delivery
O086983,2025-10-03,Customer Changed Mind
O087000,2024-05-26,Damaged
O087071,2023-10-21,Wrong Product
O087074,2023-12-18,Customer Changed Mind
O087082,2023-08-10,Late Delivery
O087095,2025-01-01,Late Delivery
O087097,2025-12-02,Late Delivery
O087104,2024-08-28,Customer Changed Mind
O087112,2023-01-14,Wrong Product
O087127,2023-09-24,Wrong Product
O087142,2025-03-08,Quality Issue
O087157,2025-05-17,Damaged
O087188,2025-09-15,Damaged
O087191,2024-04-11,Damaged
O087208,2025-11-28,Damaged
O087254,2024-04-25,Damaged
O087298,2024-03-04,Wrong Product
O087301,2023-08-15,Wrong Product
O087307,2023-09-11,Quality Issue
O087308,2023-09-08,Customer Changed Mind
O087318,2025-11-04,Wrong Product
O087331,2023-04-11,Customer Changed Mind
O087353,2024-08-11,Quality Issue
O087364,2024-11-08,Quality Issue
O087368,2025-12-05,Wrong Product
O087370,2025-01-04,Customer Changed Mind
O087379,2025-05-07,Damaged
O087388,2023-08-15,Customer Changed Mind
O087392,2025-06-01,Damaged
O087395,2023-03-05,Quality Issue
O087398,2024-02-07,Damaged
O087407,2025-07-27,Wrong Product
O087412,2024-12-24,Wrong Product
O087416,2025-05-12,Wrong Product
O087421,2023-10-11,Wrong Product
O087434,2025-02-26,Wrong Product
O087452,2024-06-28,Late Delivery
O087453,2025-05-19,Wrong Product
O087459,2025-06-30,Customer Changed Mind
O087465,2024-09-22,Late Delivery
O087476,2024-03-20,Wrong Product
O087530,2023-06-20,Quality Issue
O087536,2024-02-10,Wrong Product
O087537,2023-12-10,Wrong Product
O087538,2023-06-16,Customer Changed Mind
O087539,2024-05-04,Quality Issue
O087542,2024-05-09,Customer Changed Mind
O087551,2023-09-18,Wrong Product
O087556,2024-11-24,Late Delivery
O087583,2023-02-21,Quality Issue
O087593,2024-06-28,Wrong Product
O087616,2026-01-04,Damaged
O087617,2023-11-27,Quality Issue
O087627,2025-05-26,Late Delivery
O087641,2025-02-23,Wrong Product
O087660,2025-03-08,Late Delivery
O087663,2024-10-18,Damaged
O087665,2023-10-09,Damaged
O087678,2025-06-27,Quality Issue
O087685,2025-12-29,Damaged
O087686,2025-12-01,Wrong Product
O087689,2023-03-25,Quality Issue
O087704,2024-11-15,Late Delivery
O087716,2024-08-15,Damaged
O087730,2025-04-28,Customer Changed Mind
O087731,2025-04-01,Damaged
O087742,2025-08-18,Quality Issue
O087761,2025-01-13,Damaged
O087766,2023-05-30,Quality Issue
O087800,2025-10-04,Wrong Product
O087814,2023-09-07,Wrong Product
O087831,2024-01-20,Customer Changed Mind
O087855,2025-10-17,Wrong Product
O087875,2025-01-02,Late Delivery
O087893,2025-07-18,Customer Changed Mind
O087896,2024-02-24,Customer Changed Mind
O087905,2024-03-18,Damaged
O087909,2023-07-16,Damaged
O087912,2023-07-30,Quality Issue
O087917,2025-10-27,Damaged
O087923,2024-02-28,Customer Changed Mind
O087940,2024-07-29,Damaged
O087951,2025-01-27,Damaged
O087955,2024-04-15,Wrong Product
O087965,2025-01-24,Late Delivery
O087974,2025-03-15,Customer Changed Mind
O088007,2025-06-07,Late Delivery
O088010,2024-01-10,Late Delivery
O088053,2024-07-08,Late Delivery
O088058,2023-03-23,Quality Issue
O088065,2025-10-04,Damaged
O088075,2025-03-19,Damaged
O088100,2025-12-09,Quality Issue
O088115,2023-11-18,Late Delivery
O088131,2024-01-04,Customer Changed Mind
O088143,2025-09-26,Late Delivery
O088155,2023-12-23,Wrong Product
O088200,2024-07-21,Quality Issue
O088210,2023-10-17,Wrong Product
O088216,2023-07-26,Quality Issue
O088226,2023-11-30,Quality Issue
O088230,2023-02-09,Quality Issue
O088245,2025-02-09,Late Delivery
O088277,2023-08-03,Late Delivery
O088279,2024-08-07,Quality Issue
O088320,2025-05-07,Late Delivery
O088342,2025-10-08,Wrong Product
O088360,2024-01-07,Late Delivery
O088388,2024-02-19,Damaged
O088426,2024-08-16,Customer Changed Mind
O088432,2025-05-05,Late Delivery
O088440,2023-07-28,Wrong Product
O088447,2025-05-08,Damaged
O088449,2024-05-04,Quality Issue
O088458,2025-10-02,Damaged
O088485,2023-11-16,Late Delivery
O088490,2023-10-30,Wrong Product
O088500,2023-12-19,Damaged
O088506,2025-09-06,Late Delivery
O088520,2024-10-31,Damaged
O088523,2025-04-10,Wrong Product
O088525,2025-05-07,Late Delivery
O088530,2023-07-27,Quality Issue
O088559,2023-01-14,Wrong Product
O088573,2023-04-29,Quality Issue
O088584,2024-10-01,Quality Issue
O088593,2025-03-15,Quality Issue
O088611,2025-01-10,Late Delivery
O088630,2024-10-04,Damaged
O088635,2025-07-28,Customer Changed Mind
O088651,2023-01-29,Customer Changed Mind
O088674,2023-11-14,Late Delivery
O088701,2023-04-10,Damaged
O088709,2023-11-17,Wrong Product
O088721,2025-05-04,Damaged
O088733,2024-05-25,Customer Changed Mind
O088762,2025-08-05,Damaged
O088830,2023-10-12,Wrong Product
O088878,2024-11-12,Quality Issue
O088898,2025-07-26,Late Delivery
O088902,2025-04-30,Quality Issue
O088941,2023-05-28,Damaged
O088949,2023-12-31,Wrong Product
O088971,2024-12-31,Late Delivery
O089033,2025-06-27,Wrong Product
O089034,2025-08-14,Quality Issue
O089040,2024-05-23,Quality Issue
O089041,2024-06-05,Customer Changed Mind
O089042,2023-11-17,Wrong Product
O089043,2025-10-15,Damaged
O089054,2024-08-06,Quality Issue
O089065,2024-06-10,Quality Issue
O089077,2023-02-25,Quality Issue
O089091,2025-06-30,Damaged
O089093,2023-05-31,Customer Changed Mind
O089115,2025-10-15,Quality Issue
O089122,2023-12-27,Customer Changed Mind
O089157,2024-01-24,Customer Changed Mind
O089176,2023-03-26,Wrong Product
O089185,2023-10-09,Damaged
O089201,2023-08-03,Customer Changed Mind
O089209,2023-11-11,Wrong Product
O089229,2024-05-22,Late Delivery
O089237,2024-07-12,Quality Issue
O089256,2025-01-11,Quality Issue
O089269,2025-02-17,Quality Issue
O089279,2024-03-09,Damaged
O089289,2024-02-16,Quality Issue
O089301,2025-08-04,Quality Issue
O089309,2025-10-11,Customer Changed Mind
O089312,2024-03-08,Late Delivery
O089354,2025-04-14,Quality Issue
O089366,2023-04-15,Customer Changed Mind
O089369,2025-10-02,Wrong Product
O089378,2025-07-09,Quality Issue
O089394,2023-04-26,Wrong Product
O089396,2024-12-18,Damaged
O089411,2025-07-07,Late Delivery
O089412,2023-08-18,Late Delivery
O089413,2024-05-23,Wrong Product
O089422,2023-04-23,Damaged
O089423,2025-08-13,Customer Changed Mind
O089426,2023-03-03,Quality Issue
O089437,2023-08-22,Wrong Product
O089447,2025-03-13,Quality Issue
O089449,2025-09-30,Customer Changed Mind
O089453,2025-10-18,Wrong Product
O089474,2025-10-24,Late Delivery
O089487,2025-06-01,Quality Issue
O089503,2025-10-25,Wrong Product
O089515,2024-09-16,Damaged
O089573,2023-06-01,Late Delivery
O089639,2025-03-16,Customer Changed Mind
O089644,2025-07-23,Quality Issue
O089647,2025-11-02,Late Delivery
O089650,2025-07-21,Quality Issue
O089653,2024-10-06,Damaged
O089663,2025-11-26,Late Delivery
O089691,2025-11-20,Customer Changed Mind
O089697,2023-06-03,Quality Issue
O089701,2023-05-11,Late Delivery
O089712,2024-09-20,Late Delivery
O089764,2023-12-13,Customer Changed Mind
O089766,2023-08-27,Late Delivery
O089771,2025-06-24,Quality Issue
O089775,2023-02-26,Damaged
O089791,2023-09-11,Customer Changed Mind
O089813,2023-02-28,Quality Issue
O089815,2024-04-09,Wrong Product
O089816,2023-09-27,Late Delivery
O089828,2023-10-04,Wrong Product
O089839,2023-08-20,Customer Changed Mind
O089841,2023-01-26,Quality Issue
O089865,2025-01-13,Quality Issue
O089878,2024-09-05,Wrong Product
O089904,2023-03-28,Quality Issue
O089911,2025-11-27,Quality Issue
O089920,2025-12-01,Late Delivery
O089938,2023-05-20,Damaged
O089959,2024-06-17,Quality Issue
O089961,2023-01-16,Customer Changed Mind
O089962,2024-04-28,Wrong Product
O089966,2024-11-25,Customer Changed Mind
O089973,2025-12-08,Customer Changed Mind
O089980,2025-03-17,Wrong Product
O090036,2025-12-15,Quality Issue
O090039,2025-08-21,Late Delivery
O090048,2024-08-14,Damaged
O090051,2024-08-30,Damaged
O090069,2024-10-20,Late Delivery
O090084,2023-03-19,Quality Issue
O090103,2024-11-02,Customer Changed Mind
O090109,2023-02-14,Late Delivery
O090116,2023-08-31,Quality Issue
O090120,2024-07-24,Wrong Product
O090125,2023-02-28,Wrong Product
O090139,2024-04-18,Wrong Product
O090141,2024-05-10,Quality Issue
O090146,2024-07-28,Wrong Product
O090147,2023-06-16,Damaged
O090163,2025-10-13,Wrong Product
O090187,2023-07-26,Late Delivery
O090212,2024-08-09,Late Delivery
O090215,2024-02-28,Damaged
O090282,2025-11-24,Late Delivery
O090302,2023-10-09,Quality Issue
O090322,2024-03-26,Quality Issue
O090323,2024-02-20,Quality Issue
O090325,2023-09-19,Customer Changed Mind
O090344,2023-01-14,Quality Issue
O090354,2024-09-29,Quality Issue
O090367,2023-06-19,Late Delivery
O090400,2025-11-15,Late Delivery
O090401,2023-06-01,Quality Issue
O090432,2023-04-30,Wrong Product
O090461,2024-05-22,Damaged
O090510,2024-12-30,Wrong Product
O090522,2023-08-01,Quality Issue
O090532,2024-03-01,Damaged
O090542,2023-07-06,Quality Issue
O090559,2025-06-02,Wrong Product
O090572,2023-07-16,Quality Issue
O090601,2023-04-02,Wrong Product
O090612,2025-01-28,Quality Issue
O090614,2023-09-10,Quality Issue
O090616,2024-12-24,Customer Changed Mind
O090620,2025-10-20,Late Delivery
O090628,2023-08-02,Damaged
O090644,2024-07-17,Damaged
O090653,2024-03-19,Late Delivery
O090672,2024-07-05,Quality Issue
O090707,2023-04-21,Wrong Product
O090716,2023-08-25,Late Delivery
O090726,2024-01-28,Customer Changed Mind
O090774,2025-05-25,Quality Issue
O090784,2023-06-25,Wrong Product
O090839,2024-09-23,Wrong Product
O090850,2024-06-26,Quality Issue
O090853,2024-08-26,Quality Issue
O090878,2024-11-16,Wrong Product
O090880,2024-05-06,Customer Changed Mind
O090907,2024-08-12,Wrong Product
O090913,2025-01-07,Customer Changed Mind
O090939,2025-09-19,Customer Changed Mind
O090995,2025-09-26,Wrong Product
O091027,2023-08-09,Quality Issue
O091056,2024-04-13,Late Delivery
O091074,2023-03-28,Damaged
O091083,2024-08-05,Quality Issue
O091088,2025-04-24,Wrong Product
O091105,2023-08-11,Late Delivery
O091106,2024-02-06,Customer Changed Mind
O091109,2024-09-19,Quality Issue
O091118,2023-08-28,Quality Issue
O091122,2025-05-25,Late Delivery
O091128,2023-11-30,Quality Issue
O091134,2024-01-09,Wrong Product
O091139,2023-04-15,Quality Issue
O091169,2023-09-19,Damaged
O091184,2023-07-22,Damaged
O091186,2025-11-04,Wrong Product
O091224,2024-04-12,Customer Changed Mind
O091225,2024-01-12,Wrong Product
O091234,2024-10-20,Quality Issue
O091252,2023-10-28,Quality Issue
O091265,2024-11-23,Damaged
O091266,2024-08-02,Customer Changed Mind
O091281,2023-09-25,Customer Changed Mind
O091299,2024-04-28,Damaged
O091323,2023-07-11,Late Delivery
O091324,2024-09-10,Quality Issue
O091331,2025-01-20,Quality Issue
O091338,2023-04-08,Late Delivery
O091349,2024-02-23,Customer Changed Mind
O091362,2023-04-10,Damaged
O091366,2024-06-13,Customer Changed Mind
O091368,2024-03-13,Wrong Product
O091374,2024-04-18,Damaged
O091402,2025-08-21,Customer Changed Mind
O091407,2025-11-25,Quality Issue
O091408,2024-04-08,Customer Changed Mind
O091418,2025-04-25,Damaged
O091426,2024-07-19,Wrong Product
O091442,2025-10-27,Customer Changed Mind
O091458,2024-12-08,Late Delivery
O091479,2024-10-11,Damaged
O091501,2024-10-15,Late Delivery
O091509,2024-01-12,Late Delivery
O091511,2024-10-03,Customer Changed Mind
O091512,2025-07-30,Customer Changed Mind
O091516,2023-09-29,Late Delivery
O091525,2023-11-03,Wrong Product
O091552,2023-04-13,Late Delivery
O091578,2024-08-09,Wrong Product
O091599,2024-12-28,Late Delivery
O091612,2023-10-03,Damaged
O091664,2025-06-17,Wrong Product
O091669,2025-02-18,Customer Changed Mind
O091699,2024-04-03,Late Delivery
O091713,2023-05-19,Customer Changed Mind
O091720,2025-11-06,Damaged
O091730,2023-03-05,Quality Issue
O091757,2023-08-03,Customer Changed Mind
O091763,2025-01-15,Damaged
O091780,2023-12-04,Wrong Product
O091804,2024-07-10,Customer Changed Mind
O091821,2025-03-06,Damaged
O091823,2024-12-13,Wrong Product
O091833,2025-02-06,Late Delivery
O091855,2025-10-23,Late Delivery
O091868,2023-03-03,Wrong Product
O091871,2023-11-21,Damaged
O091894,2024-06-13,Wrong Product
O091904,2023-07-17,Quality Issue
O091914,2024-08-31,Late Delivery
O091923,2024-11-26,Customer Changed Mind
O091924,2024-06-08,Customer Changed Mind
O091928,2025-10-31,Wrong Product
O091930,2024-12-13,Damaged
O091946,2024-11-11,Quality Issue
O091966,2025-08-16,Late Delivery
O091972,2024-11-08,Customer Changed Mind
O091982,2024-11-07,Customer Changed Mind
O091988,2023-03-26,Late Delivery
O092000,2023-05-06,Damaged
O092002,2025-06-11,Late Delivery
O092014,2025-09-25,Wrong Product
O092023,2024-02-25,Quality Issue
O092040,2025-05-11,Late Delivery
O092048,2024-06-13,Quality Issue
O092052,2025-12-24,Quality Issue
O092059,2025-02-17,Late Delivery
O092088,2024-11-30,Wrong Product
O092097,2025-12-29,Late Delivery
O092183,2023-12-25,Damaged
O092187,2024-03-02,Late Delivery
O092195,2025-04-14,Quality Issue
O092225,2023-07-03,Customer Changed Mind
O092226,2023-07-02,Damaged
O092236,2025-09-23,Quality Issue
O092238,2025-02-11,Late Delivery
O092259,2023-01-16,Late Delivery
O092287,2023-11-30,Wrong Product
O092288,2025-03-31,Quality Issue
O092298,2024-07-30,Damaged
O092305,2024-07-03,Late Delivery
O092307,2024-12-28,Damaged
O092310,2025-01-09,Quality Issue
O092317,2025-02-12,Wrong Product
O092345,2025-12-18,Damaged
O092363,2024-12-11,Wrong Product
O092397,2024-11-14,Quality Issue
O092419,2025-11-17,Damaged
O092427,2025-05-12,Damaged
O092439,2024-04-26,Wrong Product
O092444,2024-11-15,Late Delivery
O092471,2024-07-29,Wrong Product
O092476,2023-02-11,Quality Issue
O092527,2025-07-23,Quality Issue
O092528,2024-09-20,Wrong Product
O092542,2024-06-23,Wrong Product
O092544,2024-04-02,Late Delivery
O092547,2023-07-28,Damaged
O092551,2025-11-30,Customer Changed Mind
O092558,2024-08-26,Wrong Product
O092565,2024-11-27,Late Delivery
O092566,2025-03-17,Customer Changed Mind
O092567,2025-10-15,Quality Issue
O092572,2024-05-08,Wrong Product
O092597,2025-03-28,Customer Changed Mind
O092599,2024-03-03,Quality Issue
O092644,2023-04-17,Customer Changed Mind
O092681,2025-08-26,Damaged
O092686,2024-05-18,Damaged
O092696,2023-04-17,Customer Changed Mind
O092709,2025-06-14,Late Delivery
O092720,2023-05-21,Customer Changed Mind
O092725,2023-12-04,Quality Issue
O092727,2024-09-19,Damaged
O092733,2023-08-10,Late Delivery
O092748,2025-10-23,Customer Changed Mind
O092764,2024-11-20,Wrong Product
O092766,2024-01-29,Wrong Product
O092767,2025-10-02,Damaged
O092768,2025-11-04,Damaged
O092770,2024-10-31,Damaged
O092776,2024-07-20,Wrong Product
O092814,2025-08-19,Damaged
O092827,2024-01-16,Quality Issue
O092863,2023-11-16,Damaged
O092894,2025-02-16,Late Delivery
O092895,2024-10-04,Quality Issue
O092903,2023-06-01,Late Delivery
O092921,2025-08-21,Quality Issue
O092926,2023-04-15,Late Delivery
O092931,2023-03-13,Damaged
O092962,2025-08-01,Quality Issue
O092969,2025-10-26,Damaged
O092980,2024-11-03,Wrong Product
O092985,2023-02-12,Customer Changed Mind
O092988,2025-03-18,Late Delivery
O092992,2025-06-10,Late Delivery
O092997,2025-11-01,Late Delivery
O093015,2025-07-24,Wrong Product
O093017,2023-05-16,Customer Changed Mind
O093031,2023-03-31,Late Delivery
O093040,2024-07-17,Quality Issue
O093046,2023-07-28,Damaged
O093060,2024-08-14,Customer Changed Mind
O093065,2023-11-21,Customer Changed Mind
O093077,2024-07-27,Damaged
O093082,2023-08-05,Wrong Product
O093092,2024-02-21,Customer Changed Mind
O093095,2023-06-02,Wrong Product
O093132,2025-12-12,Late Delivery
O093140,2024-07-27,Wrong Product
O093158,2024-02-22,Customer Changed Mind
O093168,2023-11-26,Damaged
O093170,2025-08-14,Wrong Product
O093250,2024-07-29,Customer Changed Mind
O093252,2024-10-10,Late Delivery
O093261,2023-01-18,Wrong Product
O093273,2025-01-17,Damaged
O093279,2023-07-02,Wrong Product
O093297,2024-12-24,Damaged
O093316,2025-06-15,Customer Changed Mind
O093377,2023-02-21,Late Delivery
O093379,2023-10-19,Wrong Product
O093399,2023-01-21,Customer Changed Mind
O093404,2023-05-13,Quality Issue
O093406,2025-10-23,Late Delivery
O093411,2025-01-02,Damaged
O093434,2025-03-14,Quality Issue
O093468,2023-11-11,Wrong Product
O093475,2023-06-28,Damaged
O093497,2024-09-07,Customer Changed Mind
O093515,2023-03-27,Late Delivery
O093526,2023-10-11,Wrong Product
O093545,2023-08-07,Wrong Product
O093599,2023-07-16,Damaged
O093609,2024-11-30,Quality Issue
O093613,2025-01-06,Late Delivery
O093623,2024-12-10,Quality Issue
O093645,2024-09-28,Quality Issue
O093646,2025-10-03,Customer Changed Mind
O093685,2023-12-16,Damaged
O093688,2025-08-06,Quality Issue
O093691,2025-11-03,Late Delivery
O093702,2025-05-26,Late Delivery
O093715,2023-01-10,Customer Changed Mind
O093736,2023-01-29,Quality Issue
O093771,2025-05-05,Late Delivery
O093780,2025-01-29,Customer Changed Mind
O093842,2024-12-04,Damaged
O093846,2024-03-11,Quality Issue
O093865,2024-07-04,Damaged
O093875,2025-05-20,Damaged
O093885,2023-10-01,Late Delivery
O093912,2024-07-09,Customer Changed Mind
O093922,2023-04-18,Quality Issue
O093955,2023-07-29,Customer Changed Mind
O093961,2025-11-02,Late Delivery
O093967,2025-05-15,Quality Issue
O093971,2024-08-09,Wrong Product
O093977,2023-09-15,Damaged
O093988,2025-12-26,Quality Issue
O094017,2024-08-29,Wrong Product
O094022,2024-01-26,Quality Issue
O094024,2024-04-04,Quality Issue
O094025,2025-09-12,Damaged
O094056,2023-05-21,Quality Issue
O094065,2023-05-18,Damaged
O094081,2024-01-27,Damaged
O094083,2023-05-19,Quality Issue
O094093,2023-12-09,Quality Issue
O094095,2023-07-09,Damaged
O094127,2025-04-28,Late Delivery
O094133,2025-06-13,Quality Issue
O094136,2025-10-02,Damaged
O094137,2023-09-10,Customer Changed Mind
O094138,2023-01-23,Quality Issue
O094148,2024-12-27,Wrong Product
O094166,2025-01-26,Customer Changed Mind
O094201,2024-01-25,Damaged
O094222,2024-06-08,Quality Issue
O094232,2024-12-18,Damaged
O094251,2025-08-26,Customer Changed Mind
O094256,2023-10-31,Customer Changed Mind
O094272,2025-08-21,Quality Issue
O094273,2023-02-17,Late Delivery
O094283,2024-11-27,Late Delivery
O094291,2025-01-09,Damaged
O094318,2024-03-14,Damaged
O094326,2024-01-21,Wrong Product
O094332,2025-07-06,Late Delivery
O094334,2025-08-16,Quality Issue
O094350,2024-08-23,Damaged
O094362,2025-02-13,Quality Issue
O094390,2024-04-11,Wrong Product
O094400,2024-02-10,Late Delivery
O094415,2025-12-16,Wrong Product
O094445,2023-09-26,Damaged
O094456,2023-02-24,Damaged
O094479,2023-05-05,Customer Changed Mind
O094482,2023-11-03,Late Delivery
O094495,2024-07-23,Late Delivery
O094500,2023-06-18,Customer Changed Mind
O094501,2025-12-28,Wrong Product
O094530,2024-03-28,Quality Issue
O094546,2025-11-23,Quality Issue
O094576,2024-03-10,Quality Issue
O094578,2023-05-21,Customer Changed Mind
O094594,2025-04-21,Damaged
O094599,2025-09-08,Damaged
O094607,2025-01-01,Late Delivery
O094640,2023-10-10,Damaged
O094655,2024-08-24,Late Delivery
O094659,2025-03-20,Late Delivery
O094667,2024-12-20,Damaged
O094672,2023-09-25,Quality Issue
O094676,2023-03-16,Wrong Product
O094692,2023-12-13,Damaged
O094702,2023-02-12,Wrong Product
O094705,2024-04-27,Late Delivery
O094707,2024-10-13,Damaged
O094715,2023-01-31,Late Delivery
O094730,2024-09-23,Damaged
O094787,2025-11-05,Late Delivery
O094788,2023-09-16,Quality Issue
O094800,2024-06-20,Quality Issue
O094812,2025-12-31,Customer Changed Mind
O094838,2023-10-08,Customer Changed Mind
O094851,2024-09-01,Damaged
O094858,2024-09-11,Quality Issue
O094864,2025-06-25,Quality Issue
O094869,2025-11-17,Customer Changed Mind
O094870,2024-01-29,Late Delivery
O094885,2025-09-23,Damaged
O094898,2023-01-14,Late Delivery
O094905,2023-11-16,Customer Changed Mind
O094911,2025-06-25,Wrong Product
O094919,2024-05-10,Damaged
O094938,2023-05-22,Late Delivery
O094940,2023-08-11,Wrong Product
O094963,2024-07-25,Late Delivery
O094991,2025-05-10,Quality Issue
O095000,2025-12-09,Late Delivery
O095013,2025-03-25,Damaged
O095021,2024-04-02,Wrong Product
O095031,2023-06-10,Late Delivery
O095054,2024-12-14,Customer Changed Mind
O095102,2024-07-31,Damaged
O095115,2025-12-25,Damaged
O095125,2024-09-15,Late Delivery
O095173,2023-12-29,Late Delivery
O095178,2024-04-10,Customer Changed Mind
O095200,2025-07-17,Quality Issue
O095203,2024-09-26,Late Delivery
O095241,2024-08-06,Damaged
O095267,2023-04-28,Quality Issue
O095270,2024-02-04,Customer Changed Mind
O095306,2024-07-06,Customer Changed Mind
O095327,2025-12-25,Customer Changed Mind
O095371,2025-12-28,Quality Issue
O095375,2025-11-05,Customer Changed Mind
O095387,2024-04-19,Late Delivery
O095429,2023-10-24,Damaged
O095430,2024-10-04,Wrong Product
O095440,2025-03-29,Wrong Product
O095447,2023-11-07,Wrong Product
O095449,2023-03-12,Wrong Product
O095452,2023-10-22,Damaged
O095455,2024-01-08,Damaged
O095484,2023-07-25,Late Delivery
O095489,2024-11-13,Damaged
O095510,2025-05-01,Wrong Product
O095513,2023-04-23,Quality Issue
O095551,2024-07-02,Wrong Product
O095561,2025-10-29,Damaged
O095594,2023-02-22,Late Delivery
O095615,2023-12-05,Late Delivery
O095634,2025-12-08,Customer Changed Mind
O095639,2024-10-30,Damaged
O095643,2025-02-01,Customer Changed Mind
O095644,2024-10-01,Damaged
O095664,2023-08-29,Quality Issue
O095671,2025-10-03,Quality Issue
O095673,2023-06-26,Quality Issue
O095678,2023-02-12,Late Delivery
O095681,2025-08-07,Damaged
O095692,2023-07-12,Late Delivery
O095699,2025-10-26,Damaged
O095700,2023-12-28,Customer Changed Mind
O095706,2023-09-20,Customer Changed Mind
O095715,2023-08-07,Wrong Product
O095736,2024-08-03,Wrong Product
O095739,2023-05-15,Late Delivery
O095762,2024-11-25,Wrong Product
O095765,2024-01-01,Late Delivery
O095774,2025-11-24,Late Delivery
O095776,2023-10-21,Quality Issue
O095780,2024-01-19,Quality Issue
O095782,2024-05-16,Wrong Product
O095814,2023-07-18,Late Delivery
O095825,2023-09-06,Damaged
O095839,2023-08-26,Quality Issue
O095848,2024-03-26,Damaged
O095854,2025-03-10,Wrong Product
O095860,2024-12-14,Wrong Product
O095872,2025-05-04,Customer Changed Mind
O095903,2025-05-05,Customer Changed Mind
O095912,2023-03-03,Quality Issue
O095922,2025-07-13,Wrong Product
O095962,2024-09-30,Customer Changed Mind
O095991,2023-06-29,Customer Changed Mind
O096001,2024-03-29,Damaged
O096024,2024-04-06,Late Delivery
O096027,2025-01-17,Customer Changed Mind
O096035,2023-07-13,Wrong Product
O096045,2023-10-11,Damaged
O096050,2024-01-31,Damaged
O096058,2025-01-10,Damaged
O096106,2024-06-09,Late Delivery
O096119,2023-10-13,Customer Changed Mind
O096124,2025-08-13,Late Delivery
O096140,2024-11-03,Quality Issue
O096142,2023-02-11,Quality Issue
O096144,2024-12-01,Wrong Product
O096148,2025-04-16,Customer Changed Mind
O096159,2024-11-22,Wrong Product
O096192,2025-08-30,Late Delivery
O096199,2023-04-07,Customer Changed Mind
O096222,2024-02-02,Customer Changed Mind
O096229,2023-03-09,Customer Changed Mind
O096262,2023-07-17,Late Delivery
O096269,2024-10-28,Late Delivery
O096272,2023-06-13,Customer Changed Mind
O096280,2025-04-04,Quality Issue
O096284,2023-12-18,Wrong Product
O096312,2024-04-01,Quality Issue
O096322,2024-06-15,Wrong Product
O096335,2025-05-11,Quality Issue
O096356,2025-09-21,Wrong Product
O096364,2023-04-19,Damaged
O096369,2023-12-03,Late Delivery
O096375,2025-02-20,Customer Changed Mind
O096386,2024-01-18,Damaged
O096395,2025-04-19,Customer Changed Mind
O096405,2024-04-28,Quality Issue
O096425,2024-01-26,Late Delivery
O096426,2025-05-13,Quality Issue
O096449,2023-10-19,Quality Issue
O096466,2023-08-07,Late Delivery
O096479,2024-11-24,Customer Changed Mind
O096484,2024-12-29,Late Delivery
O096493,2024-02-25,Late Delivery
O096527,2024-02-08,Quality Issue
O096530,2023-12-10,Late Delivery
O096539,2025-04-19,Late Delivery
O096542,2023-06-01,Quality Issue
O096552,2025-07-24,Customer Changed Mind
O096557,2023-07-26,Wrong Product
O096585,2023-06-20,Late Delivery
O096589,2024-01-08,Customer Changed Mind
O096591,2023-05-31,Quality Issue
O096599,2023-08-16,Damaged
O096603,2023-10-30,Customer Changed Mind
O096617,2025-10-15,Customer Changed Mind
O096631,2023-04-28,Damaged
O096644,2025-11-07,Damaged
O096674,2023-12-31,Quality Issue
O096680,2025-01-19,Late Delivery
O096692,2023-04-28,Quality Issue
O096705,2025-12-13,Quality Issue
O096718,2025-02-05,Customer Changed Mind
O096729,2023-11-30,Late Delivery
O096736,2024-07-29,Quality Issue
O096753,2025-09-18,Quality Issue
O096761,2025-06-07,Quality Issue
O096768,2025-12-16,Damaged
O096805,2025-07-13,Wrong Product
O096811,2025-11-02,Wrong Product
O096825,2024-08-22,Damaged
O096866,2025-12-14,Late Delivery
O096903,2024-08-04,Wrong Product
O096938,2025-07-25,Late Delivery
O096951,2023-09-04,Customer Changed Mind
O096976,2023-07-22,Customer Changed Mind
O096978,2025-10-20,Wrong Product
O096979,2023-06-23,Customer Changed Mind
O096984,2024-03-10,Wrong Product
O097004,2025-07-18,Late Delivery
O097025,2025-06-28,Late Delivery
O097056,2024-04-25,Wrong Product
O097065,2024-08-09,Damaged
O097066,2024-11-29,Quality Issue
O097075,2023-03-10,Wrong Product
O097077,2024-01-24,Wrong Product
O097078,2024-11-21,Damaged
O097089,2025-09-20,Damaged
O097099,2025-07-29,Customer Changed Mind
O097114,2023-10-21,Wrong Product
O097130,2023-05-30,Late Delivery
O097139,2025-06-30,Customer Changed Mind
O097150,2024-07-26,Wrong Product
O097164,2024-01-02,Customer Changed Mind
O097169,2025-02-06,Late Delivery
O097194,2023-09-21,Customer Changed Mind
O097232,2023-03-08,Late Delivery
O097246,2023-11-12,Wrong Product
O097250,2023-02-25,Wrong Product
O097286,2024-02-27,Late Delivery
O097321,2024-04-16,Late Delivery
O097332,2024-04-18,Customer Changed Mind
O097370,2025-09-20,Damaged
O097384,2024-11-26,Late Delivery
O097395,2023-03-20,Late Delivery
O097403,2024-12-12,Customer Changed Mind
O097423,2024-09-07,Damaged
O097427,2023-09-01,Customer Changed Mind
O097433,2024-05-25,Customer Changed Mind
O097462,2023-05-13,Damaged
O097471,2025-12-24,Damaged
O097478,2024-08-06,Late Delivery
O097483,2023-09-15,Late Delivery
O097500,2024-02-07,Damaged
O097501,2023-03-16,Late Delivery
O097503,2023-11-10,Quality Issue
O097511,2025-12-19,Quality Issue
O097567,2024-10-24,Damaged
O097569,2025-07-27,Late Delivery
O097581,2023-02-11,Quality Issue
O097594,2026-01-02,Customer Changed Mind
O097602,2023-04-08,Wrong Product
O097608,2024-08-01,Customer Changed Mind
O097670,2025-08-08,Quality Issue
O097672,2025-05-31,Customer Changed Mind
O097682,2024-12-27,Quality Issue
O097696,2023-10-16,Quality Issue
O097712,2025-08-18,Late Delivery
O097721,2023-12-12,Customer Changed Mind
O097733,2025-11-10,Quality Issue
O097747,2025-03-19,Quality Issue
O097800,2024-12-06,Damaged
O097818,2025-02-06,Quality Issue
O097834,2025-06-24,Quality Issue
O097838,2025-12-29,Late Delivery
O097865,2023-02-23,Customer Changed Mind
O097870,2025-08-20,Quality Issue
O097871,2024-12-16,Customer Changed Mind
O097873,2025-06-21,Quality Issue
O097885,2023-07-12,Late Delivery
O097887,2023-10-09,Damaged
O097907,2023-06-13,Late Delivery
O097911,2025-09-20,Customer Changed Mind
O097913,2025-12-26,Quality Issue
O097995,2023-05-13,Damaged
O098014,2025-06-04,Late Delivery
O098018,2023-05-18,Late Delivery
O098067,2023-09-12,Damaged
O098076,2025-11-29,Late Delivery
O098079,2023-09-18,Damaged
O098081,2025-09-24,Quality Issue
O098102,2024-03-03,Customer Changed Mind
O098141,2023-10-25,Late Delivery
O098150,2024-04-27,Wrong Product
O098189,2024-10-15,Late Delivery
O098193,2024-06-22,Damaged
O098194,2023-01-28,Customer Changed Mind
O098195,2025-06-09,Damaged
O098196,2024-02-01,Customer Changed Mind
O098223,2024-02-14,Late Delivery
O098238,2025-07-28,Late Delivery
O098265,2024-06-01,Damaged
O098266,2025-04-20,Wrong Product
O098299,2025-10-05,Wrong Product
O098311,2025-12-09,Wrong Product
O098317,2024-12-01,Customer Changed Mind
O098332,2023-08-19,Quality Issue
O098338,2023-01-16,Quality Issue
O098347,2023-04-23,Customer Changed Mind
O098364,2024-04-26,Damaged
O098409,2023-09-24,Damaged
O098421,2025-10-25,Late Delivery
O098441,2023-08-23,Late Delivery
O098446,2024-09-28,Late Delivery
O098463,2025-09-09,Wrong Product
O098464,2024-09-20,Wrong Product
O098492,2024-03-07,Wrong Product
O098494,2025-04-22,Damaged
O098507,2025-04-07,Wrong Product
O098517,2023-02-04,Late Delivery
O098522,2025-08-12,Wrong Product
O098543,2023-02-21,Wrong Product
O098545,2023-03-18,Customer Changed Mind
O098549,2025-05-19,Damaged
O098564,2023-06-03,Wrong Product
O098586,2024-11-09,Damaged
O098603,2024-04-01,Late Delivery
O098648,2025-04-19,Wrong Product
O098659,2024-02-15,Wrong Product
O098681,2023-03-20,Damaged
O098682,2025-03-21,Wrong Product
O098687,2025-10-11,Wrong Product
O098720,2024-01-28,Damaged
O098722,2024-11-02,Quality Issue
O098731,2024-07-01,Customer Changed Mind
O098762,2025-11-20,Wrong Product
O098780,2023-11-26,Damaged
O098784,2023-05-04,Wrong Product
O098817,2025-03-29,Customer Changed Mind
O098857,2024-01-29,Late Delivery
O098907,2023-07-11,Customer Changed Mind
O098910,2025-09-08,Late Delivery
O098930,2024-09-18,Customer Changed Mind
O098951,2023-10-30,Late Delivery
O098959,2025-06-19,Damaged
O098982,2023-10-31,Late Delivery
O098994,2025-04-07,Quality Issue
O099008,2024-11-07,Late Delivery
O099018,2023-10-31,Damaged
O099041,2024-10-22,Damaged
O099049,2024-11-09,Late Delivery
O099060,2025-06-21,Damaged
O099071,2023-08-30,Damaged
O099107,2025-08-14,Late Delivery
O099120,2025-01-22,Late Delivery
O099126,2023-05-23,Customer Changed Mind
O099127,2023-12-07,Damaged
O099131,2024-10-20,Wrong Product
O099143,2024-02-12,Late Delivery
O099148,2023-06-02,Quality Issue
O099192,2024-09-23,Damaged
O099194,2024-06-13,Customer Changed Mind
O099211,2025-04-12,Quality Issue
O099225,2025-09-17,Quality Issue
O099235,2025-10-31,Quality Issue
O099244,2024-11-23,Damaged
O099251,2025-04-10,Customer Changed Mind
O099257,2023-07-05,Late Delivery
O099270,2024-09-23,Late Delivery
O099290,2025-08-15,Customer Changed Mind
O099318,2024-11-27,Quality Issue
O099324,2023-05-15,Customer Changed Mind
O099348,2024-02-05,Customer Changed Mind
O099378,2024-01-09,Damaged
O099397,2025-10-02,Wrong Product
O099414,2025-12-24,Late Delivery
O099417,2024-09-17,Customer Changed Mind
O099458,2023-06-06,Customer Changed Mind
O099465,2023-09-07,Customer Changed Mind
O099475,2024-03-23,Customer Changed Mind
O099490,2023-06-11,Wrong Product
O099514,2024-05-02,Quality Issue
O099522,2025-08-26,Late Delivery
O099551,2024-03-12,Late Delivery
O099580,2023-07-24,Wrong Product
O099581,2025-02-23,Wrong Product
O099595,2025-07-24,Customer Changed Mind
O099616,2024-07-09,Quality Issue
O099618,2024-03-13,Damaged
O099626,2024-09-06,Damaged
O099632,2025-02-06,Late Delivery
O099636,2024-07-04,Quality Issue
O099671,2024-08-31,Customer Changed Mind
O099675,2025-04-09,Wrong Product
O099676,2025-11-12,Late Delivery
O099710,2025-12-18,Customer Changed Mind
O099711,2025-01-12,Late Delivery
O099718,2023-10-25,Customer Changed Mind
O099732,2025-05-30,Wrong Product
O099748,2023-06-17,Customer Changed Mind
O099749,2024-02-18,Quality Issue
O099754,2025-07-27,Customer Changed Mind
O099768,2024-06-19,Quality Issue
O099790,2025-01-18,Quality Issue
O099796,2024-01-10,Damaged
O099818,2025-01-19,Customer Changed Mind
O099823,2024-12-06,Wrong Product
O099832,2025-10-12,Customer Changed Mind
O099843,2025-06-22,Customer Changed Mind
O099855,2025-12-16,Quality Issue
O099881,2025-06-03,Damaged
O099886,2025-01-21,Wrong Product
O099904,2025-08-20,Customer Changed Mind
O099915,2023-01-23,Wrong Product
O099924,2023-11-29,Late Delivery
O099929,2023-10-24,Late Delivery
O099934,2023-04-04,Customer Changed Mind
O099937,2025-08-31,Late Delivery
O099942,2024-04-13,Customer Changed Mind
O099957,2023-04-21,Late Delivery
O099970,2023-08-30,Wrong Product
O099984,2025-11-14,Wrong Product
O099986,2024-01-20,Quality Issue
O099991,2023-12-25,Late Delivery
O099992,2023-04-14,Damaged
O100000,2025-05-08,Quality Issue
